nav_date,M0155_2547,M0209_2548
2015-01-05,23.8239,28.381
2015-01-06,23.6462,28.1817
2015-01-07,24.0011,28.6708
2015-01-08,24.3954,29.1099
2015-01-09,24.38,29.1701
2015-01-12,24.2695,29.1393
2015-01-13,24.3093,29.1234
2015-01-14,24.076,28.8328
2015-01-15,24.052,28.8158
2015-01-16,23.989,28.6944
2015-01-19,24.2942,29.0979
2015-01-20,24.2592,29.069
2015-01-21,24.2509,29.0659
2015-01-22,24.6897,29.6455
2015-01-23,25.3528,30.6198
2015-01-26,25.1456,30.3181
2015-01-27,25.1559,30.2689
2015-01-28,25.1827,30.2953
2015-01-29,25.0277,30.1248
2015-01-30,24.8814,29.9504
2015-02-02,24.8613,29.9799
2015-02-03,25.1648,30.4863
2015-02-04,25.0788,30.4102
2015-02-05,25.2544,30.5539
2015-02-06,25.2692,30.6342
2015-02-09,25.04,30.3266
2015-02-10,24.8988,30.1651
2015-02-11,25.0612,30.3647
2015-02-12,25.1955,30.5333
2015-02-13,25.202,30.548
2015-02-16,25.0848,30.3703
2015-02-17,24.8113,29.9734
2015-02-18,24.9879,30.2694
2015-02-19,24.9036,30.1261
2015-02-20,24.9545,30.2062
2015-02-23,24.8025,29.9676
2015-02-24,24.869,30.0376
2015-02-25,24.6931,29.8419
2015-02-26,24.7663,30.0022
2015-02-27,24.6403,29.767
2015-03-02,24.6364,29.678
2015-03-03,24.5294,29.3991
2015-03-05,24.529,29.2706
2015-03-06,24.7617,29.5695
2015-03-09,24.5724,29.4205
2015-03-10,24.1356,28.8067
2015-03-11,24.3647,29.1208
2015-03-12,24.3164,29.0635
2015-03-13,24.3521,29.0199
2015-03-16,23.9998,28.5706
2015-03-17,24.0426,28.6027
2015-03-18,24.3442,28.9861
2015-03-19,24.4507,29.0204
2015-03-20,24.4522,28.9717
2015-03-23,24.3897,28.8494
2015-03-24,24.3702,28.8286
2015-03-25,24.3277,28.7593
2015-03-26,24.2018,28.539
2015-03-27,24.2561,28.5494
2015-03-30,24.2473,28.5421
2015-03-31,24.3762,28.7105
2015-04-01,24.5971,29.0599
2015-04-02,24.7396,29.2133
2015-04-03,24.7899,29.266
2015-04-07,25.0099,29.5631
2015-04-08,24.9448,29.4626
2015-04-09,24.9618,29.4815
2015-04-10,25.0595,29.5797
2015-04-16,25.5133,30.1004
2015-04-17,25.4085,30.0182
2015-04-20,25.3047,29.8513
2015-04-21,25.5119,30.0796
2015-04-22,25.1341,29.6367
2015-04-23,25.0535,29.4942
2015-04-24,25.2996,29.7546
2015-04-27,25.1613,29.6062
2015-04-28,24.9176,29.2907
2015-04-29,24.7276,29.0997
2015-04-30,24.8389,29.1906
2015-05-06,24.8121,29.127
2015-05-07,24.5501,28.7844
2015-05-08,24.7889,29.0685
2015-05-11,24.7118,28.9331
2015-05-12,24.4919,28.6456
2015-05-13,24.6671,28.8846
2015-05-14,24.6363,28.8297
2015-05-15,24.8809,29.1099
2015-05-18,23.7463,29.0653
2015-05-19,24.005,29.3899
2015-05-20,23.7935,29.1938
2015-05-21,23.9012,29.3292
2015-05-22,23.8999,29.2427
2015-05-25,23.6358,28.9061
2015-05-26,23.4752,28.7156
2015-05-27,23.5227,28.7717
2015-05-28,23.3496,
2015-05-29,23.3363,28.598
2015-06-02,23.022,28.2145
2015-06-03,23.0984,28.3223
2015-06-04,23.2552,28.4914
2015-06-05,23.5613,28.8507
2015-06-08,23.5581,28.8234
2015-06-09,23.2646,28.4712
2015-06-10,23.4925,28.7624
2015-06-11,23.635,28.984
2015-06-12,23.4953,28.7879
2015-06-15,23.4172,28.6334
2015-06-16,23.4133,28.6593
2015-06-17,23.5903,28.9197
2015-06-18,23.4357,28.749
2015-06-19,23.1214,28.3887
2015-06-22,23.373,28.6969
2015-06-23,23.3596,28.6541
2015-06-24,23.6432,28.9975
2015-06-25,23.6803,29.0329
2015-06-26,23.6622,28.9851
2015-06-29,23.5585,28.8909
2015-06-30,23.3889,28.6504
2015-07-02,23.1219,28.3949
2015-07-03,23.1294,28.3614
2015-07-06,22.8825,28.0538
2015-07-07,23.0532,28.2486
2015-07-08,22.7886,27.944
2015-07-09,22.8648,28.0253
2015-07-10,23.0803,28.3158
2015-07-13,23.1497,28.3907
2015-07-14,23.0521,28.3059
2015-07-15,23.015,28.2884
2015-07-16,22.9694,28.2235
2015-07-17,22.925,28.173
2015-07-20,22.7522,27.9402
2015-07-21,22.4995,27.5972
2015-07-22,22.4963,27.6351
2015-07-23,22.4132,27.4887
2015-07-24,22.2941,27.3268
2015-07-27,21.9396,26.8375
2015-07-28,21.9702,26.8596
2015-07-29,22.1006,27.0545
2015-07-31,22.5135,27.5529
2015-08-03,22.5129,27.5314
2015-08-04,22.2773,27.3003
2015-08-05,22.3407,27.373
2015-08-06,22.1978,27.1953
2015-08-07,22.1087,27.1286
2015-08-10,21.9807,26.9479
2015-08-11,21.7694,26.7305
2015-08-13,21.8152,26.7332
2015-08-14,21.9462,26.9083
2015-08-17,21.8287,26.7675
2015-08-18,21.2339,26.0309
2015-08-19,21.2811,26.1034
2015-08-20,21.1158,25.9018
2015-08-21,21.0198,25.798
2015-08-24,20.032,24.5412
2015-08-25,20.5091,25.1483
2015-08-26,20.4625,25.0376
2015-08-27,21.1249,25.8678
2015-08-28,21.3691,26.0885
2015-08-31,21.535,26.4286
2015-09-01,21.2194,25.9449
2015-09-02,21.3948,26.1961
2015-09-03,21.4971,26.364
2015-09-04,21.2934,26.0739
2015-09-07,21.3001,26.0678
2015-09-08,21.4279,26.2521
2015-09-09,21.7745,26.6045
2015-09-10,21.7577,26.6136
2015-09-11,21.5022,26.2886
2015-09-14,21.3885,26.2003
2015-09-15,21.2944,26.0771
2015-09-16,21.4955,26.3186
2015-09-17,21.6662,26.4998
2015-09-18,21.6532,26.4603
2015-09-21,21.6856,26.5234
2015-09-22,21.4544,26.1968
2015-09-23,21.3348,26.0453
2015-09-24,21.3219,26.012
2015-09-25,21.3877,26.0885
2015-09-28,20.96,25.5577
2015-09-29,20.8414,25.4337
2015-09-30,20.8488,25.452
2015-10-01,20.8064,25.413
2015-10-02,20.8513,25.4489
2015-10-05,21.1502,25.8419
2015-10-06,21.281,26.0228
2015-10-07,21.7837,26.6251
2015-10-08,21.758,26.5832
2015-10-09,22.1044,26.9918
2015-10-12,22.0599,26.9661
2015-10-13,21.9657,26.8368
2015-10-14,21.8261,26.641
2015-10-15,22.1432,27.0486
2015-10-16,22.069,26.9353
2015-10-19,21.9737,26.8522
2015-10-20,21.9363,26.8203
2015-10-21,21.931,26.7805
2015-10-22,21.9486,26.7899
2015-10-26,22.148,26.9863
2015-10-27,22.188,26.9924
2015-10-28,21.9673,26.6856
2015-10-29,21.6495,26.3054
2015-10-30,21.6785,26.3584
2015-11-02,22.0822,26.8267
2015-11-03,22.0462,26.7672
2015-11-04,22.2453,27.0075
2015-11-05,22.0781,26.7621
2015-11-06,22.0613,26.7839
2015-11-09,21.851,26.4849
2015-11-10,21.7354,26.3375
2015-11-11,21.5923,26.1878
2015-11-12,21.5296,26.0734
2015-11-13,21.5212,26.0232
2015-11-16,21.6191,26.161
2015-11-17,21.6113,26.1521
2015-11-18,21.4246,25.8604
2015-11-19,21.5304,26.0327
2015-11-20,21.705,26.2468
2015-11-23,21.6549,26.2266
2015-11-24,21.5005,26.0188
2015-11-25,21.4629,25.9611
2015-11-26,21.1887,25.6291
2015-11-27,21.1344,25.5655
2015-11-30,21.0108,25.4623
2015-12-01,21.0283,25.4793
2015-12-02,20.7653,25.1102
2015-12-03,20.8869,25.2299
2015-12-04,20.7506,25.0635
2015-12-08,20.2694,24.524
2015-12-09,20.0809,24.328
2015-12-11,19.7936,23.9756
2015-12-14,19.636,23.7631
2015-12-15,20.2477,24.4249
2015-12-16,20.2285,24.3903
2015-12-17,20.3214,24.5254
2015-12-18,19.7814,23.926
2015-12-21,19.388,23.5035
2015-12-22,19.4072,23.5197
2015-12-23,19.6489,23.7664
2015-12-24,19.7995,23.9302
2015-12-25,19.7292,23.8909
2015-12-28,19.7104,23.8986
2015-12-29,19.6202,23.793
2015-12-30,19.6514,23.8393
2016-01-04,19.2041,23.2985
2016-01-05,18.9292,23.0347
2016-01-06,19.0912,23.1634
2016-01-07,18.4196,22.3373
2016-01-08,18.8332,22.8075
2016-01-11,18.6573,22.5725
2016-01-12,19.0593,23.0469
2016-01-13,19.5019,23.5635
2016-01-14,19.1557,23.1572
2016-01-15,18.7196,22.6774
2016-01-18,18.6782,22.6263
2016-01-19,19.1997,23.1713
2016-01-20,18.8362,22.7328
2016-01-21,18.8551,22.7327
2016-01-22,19.3135,23.2732
2016-01-25,19.3271,23.2926
2016-01-26,19.3302,23.3
2016-01-27,19.5593,23.538
2016-01-28,19.8958,23.8508
2016-01-29,20.2215,24.2279
2016-02-01,20.1093,24.0962
2016-02-02,19.8629,23.7784
2016-02-03,19.9986,23.9471
2016-02-04,20.0832,24.0853
2016-02-05,20.2494,24.2893
2016-02-08,20.167,24.2046
2016-02-09,20.0717,24.1134
2016-02-10,20.1112,24.1282
2016-02-11,19.7225,23.6202
2016-02-12,19.7379,23.6177
2016-02-15,19.952,23.8636
2016-02-16,19.9482,23.9047
2016-02-17,19.925,23.9222
2016-02-18,20.0904,24.1508
2016-02-19,20.6408,24.8054
2016-02-23,20.8032,24.9233
2016-02-24,20.921,25.0173
2016-02-25,20.9177,25.0372
2016-02-26,21.1339,25.279
2016-02-29,20.9046,25.0326
2016-03-01,21.2277,25.4705
2016-03-02,21.5838,25.8999
2016-03-03,21.9263,26.2552
2016-03-04,21.9725,26.226
2016-03-07,22.3764,26.6832
2016-03-08,21.9727,26.1799
2016-03-09,22.2513,26.5535
2016-03-10,21.9466,26.1946
2016-03-11,22.2236,26.5382
2016-03-14,22.1911,26.5328
2016-03-15,21.9238,26.2262
2016-03-16,21.7824,26.0536
2016-03-17,21.845,26.1472
2016-03-18,21.9064,26.2208
2016-03-21,22.1355,26.5126
2016-03-22,22.2754,26.6067
2016-03-23,22.5239,26.9474
2016-03-24,22.3818,26.7671
2016-03-25,22.1593,26.4723
2016-03-28,22.0585,26.3496
2016-03-29,22.1278,26.4142
2016-03-30,22.4577,26.8169
2016-03-31,22.4612,26.7904
2016-04-01,22.3295,26.5994
2016-04-04,22.3104,26.5873
2016-04-05,21.7388,25.9398
2016-04-07,21.399,25.5319
2016-04-08,21.648,25.8452
2016-04-11,21.5951,25.7849
2016-04-12,21.8621,26.1307
2016-04-18,22.131,26.4658
2016-04-19,22.4531,26.8914
2016-04-20,22.4109,26.8463
2016-04-21,22.5861,27.0552
2016-04-22,22.3122,26.7321
2016-04-25,22.312,26.6953
2016-04-26,22.49,26.9185
2016-04-27,22.3048,26.749
2016-04-28,22.1312,26.5016
2016-04-29,22.2692,26.6608
2016-05-03,22.1445,26.5075
2016-05-04,22.0393,26.383
2016-05-09,22.1218,26.5286
2016-05-10,22.042,26.4423
2016-05-11,21.7803,26.1999
2016-05-12,22.1477,26.6682
2016-05-13,21.9962,26.5352
2016-05-16,22.0929,26.6271
2016-05-17,21.5872,26.9335
2016-05-18,21.4436,26.7978
2016-05-19,21.1727,26.4653
2016-05-23,21.1166,26.4023
2016-05-24,21.1222,26.4101
2016-05-25,21.3439,26.6928
2016-05-26,21.4331,26.7541
2016-05-27,21.6273,27.0352
2016-05-30,21.8365,27.2944
2016-05-31,21.8518,27.2673
2016-06-01,21.6774,27.0293
2016-06-02,21.764,27.1452
2016-06-03,21.9889,27.434
2016-06-06,22.0777,27.5597
2016-06-07,22.0732,27.5626
2016-06-08,22.0983,27.6242
2016-06-09,21.914,27.3587
2016-06-10,21.8132,27.2146
2016-06-13,21.6328,27.0041
2016-06-14,21.7314,27.138
2016-06-15,21.8413,27.2724
2016-06-16,21.3906,26.7293
2016-06-17,21.5302,26.937
2016-06-20,21.533,26.9645
2016-06-21,21.6468,27.1602
2016-06-22,21.5235,27.0
2016-06-23,21.7977,27.3305
2016-06-24,21.3508,26.7147
2016-06-27,21.4886,26.8527
2016-06-28,21.6504,27.0761
2016-06-29,21.7812,27.1968
2016-06-30,21.8152,27.2383
2016-07-04,22.0158,27.4735
2016-07-05,21.9083,27.32
2016-07-06,21.8834,27.3249
2016-07-07,21.9624,27.3755
2016-07-08,21.9486,27.3867
2016-07-11,22.2055,27.6828
2016-07-12,22.2789,27.8271
2016-07-13,22.3127,27.9245
2016-07-14,22.5029,28.1744
2016-07-15,22.5267,28.1805
2016-07-20,22.8841,28.6471
2016-07-21,22.7531,28.5007
2016-07-22,22.9135,28.6508
2016-07-25,22.9038,28.6681
2016-07-26,22.7221,28.4576
2016-07-27,22.907,28.6808
2016-07-28,23.0906,28.8986
2016-07-29,23.0282,28.8152
2016-08-01,22.8135,28.5718
2016-08-02,22.5934,28.2523
2016-08-03,22.7595,28.4739
2016-08-04,22.7525,28.491
2016-08-05,22.9652,28.7603
2016-08-08,23.4662,29.3931
2016-08-09,23.523,29.4886
2016-08-10,23.5914,29.5076
2016-08-11,23.692,29.6332
2016-08-15,23.697,29.6381
2016-08-16,23.5157,29.4269
2016-08-17,23.4157,29.2786
2016-08-18,23.6591,29.6071
2016-08-19,23.4976,29.4186
2016-08-22,23.5365,29.4746
2016-08-23,23.52,29.4535
2016-08-24,23.6644,29.6199
2016-08-25,23.5917,29.5522
2016-08-26,23.6465,29.6621
2016-08-29,23.5445,29.5211
2016-08-30,23.5569,29.5391
2016-08-31,23.5835,29.5978
2016-09-01,23.5047,29.4694
2016-09-02,23.2014,29.075
2016-09-05,22.8972,28.621
2016-09-06,22.9272,28.6748
2016-09-07,22.8125,28.475
2016-09-08,22.4848,28.0269
2016-09-09,22.3249,27.8386
2016-09-12,21.8103,27.1903
2016-09-13,22.4327,27.9682
2016-09-14,22.5525,28.1277
2016-09-15,22.607,28.1643
2016-09-16,22.8718,28.5137
2016-09-19,22.9895,28.7469
2016-09-20,22.7291,28.3604
2016-09-21,22.9605,28.6463
2016-09-22,23.2525,29.0313
2016-09-23,23.061,28.7492
2016-09-26,22.9744,28.6609
2016-09-27,22.9625,28.6228
2016-09-28,22.8241,28.4371
2016-09-29,23.0206,28.696
2016-09-30,22.9045,28.5307
2016-10-03,23.0302,28.7055
2016-10-04,23.3497,29.1108
2016-10-05,23.3172,29.077
2016-10-06,23.3315,29.1042
2016-10-07,23.1725,28.9122
2016-10-10,22.49,28.0324
2016-10-11,22.2135,27.712
2016-10-12,21.7073,27.0911
2016-10-13,21.917,27.4038
2016-10-14,22.7822,28.5063
2016-10-17,22.6513,28.3783
2016-10-18,22.5844,28.3124
2016-10-19,22.6474,28.386
2016-10-20,22.7283,28.5139
2016-10-21,22.8034,28.5892
2016-10-25,22.8206,28.6554
2016-10-26,22.5993,28.3319
2016-10-27,22.6493,28.418
2016-10-28,22.5996,28.3475
2016-10-31,22.5471,28.2856
2016-11-01,22.6615,28.455
2016-11-02,22.5483,28.3087
2016-11-03,22.4211,28.1485
2016-11-04,22.2896,27.972
2016-11-07,22.5464,28.3255
2016-11-08,22.7334,28.5343
2016-11-09,22.6992,28.4914
2016-11-10,22.7604,28.572
2016-11-11,22.4592,28.1827
2016-11-14,22.0389,27.6027
2016-11-15,22.147,27.7748
2016-11-16,22.0942,27.687
2016-11-17,22.1144,27.7109
2016-11-18,22.0827,27.6865
2016-11-21,22.1675,27.755
2016-11-22,22.2882,27.933
2016-11-23,22.4581,28.1619
2016-11-24,22.3483,28.0086
2016-11-25,22.5209,28.2312
2016-11-28,22.5157,28.2104
2016-11-29,22.474,28.1455
2016-11-30,22.729,28.4784
2016-12-01,22.7921,28.6409
2016-12-02,22.6373,28.4278
2016-12-06,22.853,28.7244
2016-12-07,22.8936,28.7715
2016-12-08,22.9769,28.8593
2016-12-09,22.9981,28.8806
2016-12-13,23.0315,28.9505
2016-12-14,22.8681,28.7475
2016-12-15,22.8028,28.653
2016-12-16,22.7943,28.642
2016-12-19,22.827,28.6869
2016-12-20,22.725,28.5692
2016-12-21,22.6419,28.4522
2016-12-22,22.6133,28.4027
2016-12-23,22.6771,28.4706
2016-12-26,22.7986,28.6045
2016-12-27,22.8049,28.6162
2016-12-28,22.9408,28.7845
2016-12-29,23.1832,
2016-12-30,23.2609,
2017-01-04,23.6133,29.6635
2017-01-05,23.7212,29.8011
2017-01-06,23.6659,29.7519
2017-01-09,23.5492,29.5898
2017-01-10,23.668,29.7443
2017-01-11,23.6209,29.6887
2017-01-12,23.5702,29.6096
2017-01-13,23.6601,29.7277
2017-01-16,23.5687,
2017-01-17,23.5124,
2017-01-18,23.408,
2017-01-19,23.3371,29.3094
2017-01-20,23.388,29.4141
2017-01-23,23.4659,29.5117
2017-01-24,23.6528,29.7574
2017-01-25,23.8517,29.9456
2017-01-26,24.0522,30.1838
2017-01-27,24.009,30.1131
2017-01-30,23.9498,30.0713
2017-01-31,23.7168,29.7538
2017-02-01,23.7238,29.7685
2017-02-02,23.6746,29.6993
2017-02-03,23.8455,29.956
2017-02-06,23.962,
2017-02-07,23.8928,29.994
2017-02-08,24.0185,
2017-02-09,23.9033,29.9641
2017-02-10,23.9317,
2017-02-14,23.6789,
2017-02-15,23.74,29.789
2017-02-16,23.7777,29.8621
2017-02-17,23.8455,
2017-02-20,23.8516,29.9419
2017-02-21,23.6521,29.681
2017-02-22,23.8072,29.8645
2017-02-23,23.7187,29.7325
2017-02-24,23.708,29.7098
2017-02-27,23.5898,
2017-02-28,23.6148,29.6496
2017-03-01,23.8311,29.879
2017-03-02,23.8526,29.9078
2017-03-03,23.8145,29.8315
2017-03-06,23.6347,
2017-03-07,23.6302,29.5747
2017-03-08,23.7628,29.7431
2017-03-09,23.7177,29.6637
2017-03-10,23.6222,29.5356
2017-03-13,23.7177,29.622
2017-03-14,23.7367,29.6776
2017-03-15,23.6962,29.6308
2017-03-16,23.9619,29.9625
2017-03-17,24.0081,30.0148
2017-03-20,24.0312,30.0463
2017-03-21,24.1311,30.1789
2017-03-22,24.0968,30.1218
2017-03-23,24.1305,30.1571
2017-03-24,24.2266,30.3085
2017-03-27,24.1597,30.2221
2017-03-28,24.28,30.371
2017-03-29,24.2886,30.3737
2017-03-30,24.3818,30.4902
2017-03-31,24.2658,30.3365
2017-04-03,24.3447,30.4235
2017-04-04,24.4212,30.5088
2017-04-05,24.4438,30.5213
2017-04-07,24.5526,30.6556
2017-04-10,24.536,30.64
2017-04-11,24.5469,30.661
2017-04-12,24.6975,30.8458
2017-04-17,24.4776,30.5824
2017-04-18,24.4483,30.5195
2017-04-19,24.3583,30.3786
2017-04-20,24.3941,30.4334
2017-04-21,24.4325,30.4918
2017-04-24,24.3833,30.4322
2017-04-25,24.4081,30.4584
2017-04-26,24.4961,30.5645
2017-04-27,24.4781,30.5388
2017-04-28,24.4398,30.5124
2017-05-02,24.4419,30.4944
2017-05-03,24.4607,30.5166
2017-05-04,24.5875,30.6966
2017-05-05,24.5769,30.6616
2017-05-08,24.5918,30.6856
2017-05-09,24.5427,30.5911
2017-05-11,24.429,30.4669
2017-05-12,24.2766,30.2834
2017-05-15,23.2876,30.2027
2017-05-16,23.3831,30.3203
2017-05-17,23.3624,30.299
2017-05-18,23.2815,30.203
2017-05-19,23.3194,30.2457
2017-05-22,23.4274,30.4006
2017-05-23,23.5158,30.5006
2017-05-24,23.5357,30.5339
2017-05-25,23.5659,30.5585
2017-05-26,23.5528,30.5442
2017-05-29,23.5442,30.5397
2017-05-30,23.5195,30.5275
2017-05-31,23.3928,30.3613
2017-06-01,23.4286,30.4135
2017-06-02,23.4554,30.4878
2017-06-05,23.402,30.429
2017-06-06,23.4446,30.4799
2017-06-07,23.3579,30.4151
2017-06-08,23.4121,30.5005
2017-06-09,23.3412,30.4016
2017-06-12,23.2784,
2017-06-13,23.4329,30.5135
2017-06-14,23.4771,30.5712
2017-06-15,23.4015,30.4613
2017-06-16,23.4745,30.5382
2017-06-19,23.5563,30.6527
2017-06-20,23.5376,30.6101
2017-06-21,23.4981,30.5544
2017-06-22,23.5591,30.6228
2017-06-23,23.5857,30.6624
2017-06-26,23.6147,30.6962
2017-06-27,23.6536,30.7621
2017-06-28,23.6227,30.6921
2017-06-29,23.5563,30.6238
2017-06-30,23.5325,30.5927
2017-07-03,23.6567,30.739
2017-07-04,23.6027,30.6229
2017-07-05,23.6423,30.6419
2017-07-06,23.5737,30.5682
2017-07-07,23.5561,30.5429
2017-07-11,23.5048,30.5087
2017-07-12,23.5844,30.6321
2017-07-13,23.6512,30.7353
2017-07-14,23.6439,
2017-07-17,23.5815,30.6593
2017-07-18,23.5681,30.6445
2017-07-19,23.6439,30.7642
2017-07-20,23.618,30.7139
2017-07-21,23.6023,30.7019
2017-07-24,23.6489,30.7826
2017-07-25,23.7657,30.9234
2017-07-26,23.8128,30.9764
2017-07-27,23.8095,30.9698
2017-07-31,23.7284,30.8725
2017-08-01,23.7042,30.8423
2017-08-02,23.7418,30.9064
2017-08-03,23.7203,30.8377
2017-08-04,23.7102,30.8223
2017-08-07,23.7123,30.8097
2017-08-08,23.7836,30.9075
2017-08-09,23.7359,30.8173
2017-08-10,23.7193,30.8437
2017-08-11,23.6138,30.682
2017-08-15,23.7039,30.8054
2017-08-16,23.6868,30.7962
2017-08-17,23.6711,30.7781
2017-08-18,23.6767,30.7518
2017-08-21,23.7317,30.8361
2017-08-22,23.7882,30.9166
2017-08-23,23.8185,30.9364
2017-08-24,23.8697,31.0001
2017-08-25,23.8599,31.0037
2017-08-28,24.0369,31.2295
2017-08-29,24.5872,31.9686
2017-08-30,24.5876,31.9649
2017-08-31,24.6329,32.0496
2017-09-01,24.6437,32.0414
2017-09-04,24.658,32.0567
2017-09-05,24.688,32.072
2017-09-06,24.682,32.0753
2017-09-07,24.8686,32.3263
2017-09-08,24.9839,32.4683
2017-09-11,24.9906,32.4982
2017-09-12,25.1326,32.6053
2017-09-13,25.1107,32.5712
2017-09-14,25.4168,32.9736
2017-09-15,25.4956,33.0344
2017-09-18,25.7086,33.3374
2017-09-19,25.7696,33.3904
2017-09-20,25.6659,33.2894
2017-09-21,25.6217,33.2203
2017-09-22,25.3751,32.9378
2017-09-25,25.563,33.129
2017-09-26,25.5893,33.1796
2017-09-27,25.5938,33.2206
2017-09-28,25.5203,33.0875
2017-09-29,25.586,33.1721
2017-10-02,25.8398,33.5592
2017-10-03,25.7998,33.5449
2017-10-04,25.712,33.4265
2017-10-05,25.7221,33.4497
2017-10-06,25.8035,33.562
2017-10-09,25.7554,33.5055
2017-10-10,26.0424,33.8813
2017-10-11,26.1511,34.0235
2017-10-12,26.0873,33.9524
2017-10-16,26.3059,34.2939
2017-10-17,26.3184,34.2703
2017-10-18,26.0269,33.895
2017-10-19,25.7191,33.335
2017-10-20,25.7897,33.4796
2017-10-24,25.8311,33.598
2017-10-25,25.8712,33.6983
2017-10-27,25.9924,33.8329
2017-10-30,26.0805,33.9165
2017-10-31,26.1021,33.9562
2017-11-01,26.0113,33.7825
2017-11-02,25.8269,33.4839
2017-11-03,25.8243,33.4527
2017-11-06,25.9776,33.6933
2017-11-07,26.0224,33.7409
2017-11-08,26.0589,33.7745
2017-11-09,25.8804,33.5427
2017-11-10,25.6967,33.2795
2017-11-13,25.6927,33.2539
2017-11-14,25.9585,33.6079
2017-11-15,25.7752,33.3396
2017-11-16,25.8157,33.3891
2017-11-17,26.1037,33.7762
2017-11-20,26.1113,33.8239
2017-11-21,26.0889,33.7958
2017-11-22,26.1658,33.8887
2017-11-23,26.0908,33.8067
2017-11-24,25.9741,33.603
2017-11-27,25.9985,33.6284
2017-11-28,26.1139,33.8283
2017-11-29,26.1321,33.8474
2017-11-30,26.0277,33.6666
2017-12-01,26.1213,33.7702
2017-12-04,26.1362,33.8053
2017-12-06,26.1713,33.818
2017-12-07,26.3057,34.0412
2017-12-08,26.349,34.1197
2017-12-12,26.4251,34.1748
2017-12-13,26.4767,34.2612
2017-12-14,26.6673,34.4862
2017-12-15,26.6981,34.5411
2017-12-18,26.808,34.6779
2017-12-19,26.8819,34.8153
2017-12-20,26.9967,34.9355
2017-12-21,26.9629,34.8846
2017-12-22,27.0486,35.0042
2017-12-25,27.1825,35.225
2017-12-26,27.1826,35.2407
2017-12-27,27.1922,35.2606
2017-12-28,27.0322,35.0349
2017-12-29,27.139,35.2148
2018-01-03,27.6372,35.8615
2018-01-04,27.9631,36.199
2018-01-05,27.9569,36.1936
2018-01-08,27.931,36.0822
2018-01-09,28.051,36.149
2018-01-10,28.0619,36.1135
2018-01-11,28.0753,36.2925
2018-01-12,28.1809,36.4537
2018-01-15,28.4669,36.8396
2018-01-16,28.4319,36.7973
2018-01-17,28.5255,36.8857
2018-01-18,28.3441,36.6711
2018-01-19,28.3176,36.6982
2018-01-22,28.3715,36.7653
2018-01-23,28.5843,36.9782
2018-01-24,28.6671,37.0657
2018-01-25,28.3237,36.6334
2018-01-26,28.4914,36.8754
2018-01-29,28.6407,37.0586
2018-01-30,28.4331,36.7715
2018-01-31,28.4315,36.7706
2018-02-01,28.567,36.9447
2018-02-02,28.5209,36.8293
2018-02-05,28.2054,36.4403
2018-02-06,27.8796,36.0174
2018-02-07,27.8059,35.969
2018-02-08,27.7703,35.9069
2018-02-09,27.7437,35.8353
2018-02-12,27.9194,36.1147
2018-02-13,27.965,36.1485
2018-02-14,27.8677,35.9973
2018-02-15,28.092,36.2722
2018-02-16,28.1589,36.3605
2018-02-19,28.2463,36.4561
2018-02-20,28.0901,36.2738
2018-02-21,28.2481,36.4186
2018-02-22,28.2374,36.3485
2018-02-23,28.4864,36.7172
2018-02-26,29.0508,37.4367
2018-02-27,29.093,37.4455
2018-02-28,29.0525,37.4357
2018-03-02,28.7769,37.0543
2018-03-05,28.7713,36.9799
2018-03-06,28.7017,36.8836
2018-03-07,28.4167,36.5109
2018-03-08,28.35,36.5144
2018-03-09,28.4422,36.5897
2018-03-12,28.9137,37.1547
2018-03-13,29.0493,37.3185
2018-03-14,29.0647,37.316
2018-03-15,29.0357,37.3099
2018-03-16,28.9925,37.2231
2018-03-19,28.7854,36.982
2018-03-20,28.8125,36.9577
2018-03-21,28.8042,36.9312
2018-03-22,28.7996,36.9063
2018-03-23,28.7758,36.8938
2018-03-26,28.9047,37.0796
2018-03-27,28.9144,37.0869
2018-03-28,28.7309,36.7729
2018-03-29,28.4096,36.3446
2018-03-30,28.5735,36.5812
2018-04-02,28.6553,36.684
2018-04-03,28.4377,36.3725
2018-04-04,27.8703,35.5354
2018-04-05,28.1288,35.8867
2018-04-09,28.3633,36.2554
2018-04-10,28.5681,36.447
2018-04-11,28.5636,36.4508
2018-04-12,28.6168,36.5226
2018-04-17,28.4729,36.2881
2018-04-18,28.7715,36.6838
2018-04-19,29.2129,37.2608
2018-04-20,29.3018,37.4523
2018-04-23,29.1179,37.1902
2018-04-24,29.0662,37.1293
2018-04-25,28.9125,36.9194
2018-04-26,28.851,36.7738
2018-04-27,29.06,36.9959
2018-04-30,29.054,36.9769
2018-05-02,29.2928,37.2737
2018-05-03,29.2484,37.2313
2018-05-04,29.0148,36.959
2018-05-07,29.0714,37.0064
2018-05-08,28.7854,36.5562
2018-05-09,28.7605,36.4887
2018-05-10,28.6195,36.3105
2018-05-11,28.9656,36.7697
2018-05-14,27.9056,36.9013
2018-05-15,27.8234,36.7861
2018-05-16,27.6281,36.415
2018-05-17,27.6299,36.4802
2018-05-18,27.6486,36.5561
2018-05-21,27.8903,36.8581
2018-05-22,27.7563,36.6691
2018-05-23,27.5305,36.3927
2018-05-24,27.1506,35.8834
2018-05-25,27.3322,36.122
2018-05-28,27.1696,35.9106
2018-05-30,27.0181,35.6711
2018-05-31,27.0508,35.7247
2018-06-01,27.0105,35.5635
2018-06-04,27.0958,35.6294
2018-06-05,27.3991,35.9265
2018-06-06,27.5013,36.0703
2018-06-07,27.4237,35.9164
2018-06-08,27.1808,35.5959
2018-06-11,27.2059,35.6226
2018-06-12,27.2866,35.7247
2018-06-13,27.1148,35.5221
2018-06-14,26.9231,35.3079
2018-06-15,26.8186,35.1877
2018-06-18,26.4789,34.6371
2018-06-19,26.0119,33.75
2018-06-20,26.4238,34.3321
2018-06-21,25.8596,33.6459
2018-06-22,25.9378,33.7233
2018-06-25,25.7182,33.4253
2018-06-26,25.7957,33.5348
2018-06-27,25.715,33.3895
2018-06-28,25.4615,33.0852
2018-06-29,25.5047,33.1246
2018-07-02,25.679,33.3272
2018-07-03,25.9756,33.6947
2018-07-04,26.0361,33.8011
2018-07-05,25.5627,33.2249
2018-07-06,25.8159,33.5113
2018-07-09,25.9645,33.7013
2018-07-10,26.364,34.1888
2018-07-11,26.2024,33.9827
2018-07-12,26.2401,34.0154
2018-07-13,26.2744,34.0195
2018-07-16,26.0608,33.674
2018-07-17,26.0009,33.6417
2018-07-18,26.2073,33.9259
2018-07-19,26.408,34.1649
2018-07-20,26.8866,34.7401
2018-07-23,26.9912,34.8687
2018-07-24,27.0049,34.824
2018-07-25,27.3011,35.1922
2018-07-26,27.516,35.4547
2018-07-31,27.5563,35.498
2018-08-01,27.9343,36.0029
2018-08-02,27.6717,35.6597
2018-08-03,27.7007,35.7002
2018-08-06,27.4339,35.357
2018-08-07,27.6211,35.6163
2018-08-08,27.9331,35.9917
2018-08-09,27.9244,35.9878
2018-08-10,27.5856,35.5789
2018-08-14,27.4412,35.3773
2018-08-15,27.1193,34.9542
2018-08-16,27.2193,35.0648
2018-08-17,27.3638,35.2387
2018-08-20,27.5998,35.5384
2018-08-21,27.4939,35.3828
2018-08-22,27.5725,35.5002
2018-08-23,27.7133,35.6695
2018-08-24,27.6715,35.6166
2018-08-27,27.925,35.9306
2018-08-28,27.973,36.003
2018-08-29,28.0629,36.0968
2018-08-30,27.9509,35.9647
2018-08-31,27.9729,36.0177
2018-09-03,27.95,35.9808
2018-09-04,27.8057,35.8032
2018-09-05,27.3352,35.1854
2018-09-06,27.4715,35.3504
2018-09-07,27.3828,35.2222
2018-09-10,27.4088,35.2504
2018-09-11,27.0084,34.7274
2018-09-12,27.161,34.9243
2018-09-13,27.9268,35.921
2018-09-14,27.9893,36.0002
2018-09-17,27.9127,35.8714
2018-09-18,28.3282,36.4888
2018-09-19,28.4495,36.6066
2018-09-20,28.5249,36.6661
2018-09-21,28.561,36.7359
2018-09-24,28.4458,36.578
2018-09-25,28.5075,36.6275
2018-09-26,28.4865,36.6094
2018-09-27,28.5489,36.7004
2018-09-28,28.5639,36.7052
2018-10-01,28.5964,36.7821
2018-10-02,28.357,36.4571
2018-10-03,28.2663,36.3568
2018-10-04,28.0244,36.0511
2018-10-05,27.8781,35.8341
2018-10-08,27.4981,35.3291
2018-10-09,27.5263,35.3739
2018-10-10,27.937,35.947
2018-10-11,27.344,35.0985
2018-10-12,27.5202,35.3792
2018-10-16,27.5258,35.3968
2018-10-17,27.4904,35.3571
2018-10-18,27.2922,35.1032
2018-10-19,27.0529,34.7951
2018-10-22,26.9847,34.6975
2018-10-24,26.3696,33.8774
2018-10-25,26.7816,34.3927
2018-10-26,26.4626,33.9755
2018-10-29,26.6326,34.2003
2018-10-30,26.6499,34.2228
2018-10-31,27.2503,34.9894
2018-11-01,27.1783,34.9004
2018-11-02,27.4,35.2193
2018-11-05,27.2189,34.9774
2018-11-06,27.2296,34.971
2018-11-07,27.3986,35.1677
2018-11-08,27.5281,35.3095
2018-11-09,27.2904,34.997
2018-11-12,27.0875,34.7441
2018-11-13,27.2025,34.8951
2018-11-14,27.0658,34.7189
2018-11-15,26.8659,34.4724
2018-11-16,26.8118,34.4162
2018-11-19,26.8712,34.4969
2018-11-20,26.5329,34.0139
2018-11-21,26.5577,34.0932
2018-11-22,26.3928,33.8115
2018-11-23,26.6906,34.2054
2018-11-26,26.8524,34.4169
2018-11-27,26.8869,34.4727
2018-11-28,27.0023,34.6017
2018-11-29,26.8987,34.5169
2018-11-30,27.0044,34.6326
2018-12-03,27.6325,35.4723
2018-12-04,27.6531,35.4935
2018-12-06,27.2719,35.0251
2018-12-07,27.1496,34.8885
2018-12-11,26.8158,34.4864
2018-12-12,26.9015,34.5618
2018-12-13,26.5376,34.1293
2018-12-14,26.4763,34.0498
2018-12-17,26.4027,33.9505
2018-12-18,26.095,33.5463
2018-12-19,26.3943,33.945
2018-12-20,26.3504,33.8741
2018-12-21,26.344,33.9
2018-12-24,26.2699,33.8124
2018-12-25,25.6542,33.0458
2018-12-26,25.7086,33.0653
2018-12-27,25.5397,32.8544
2018-12-28,25.8201,33.2109
2019-01-02,25.8264,33.2648
2019-01-03,25.6773,33.1001
2019-01-04,26.0432,33.5043
2019-01-07,26.3798,33.9057
2019-01-08,26.3748,33.911
2019-01-09,26.3286,33.8347
2019-01-10,26.3102,33.7824
2019-01-11,26.4164,33.9785
2019-01-14,26.1048,33.6251
2019-01-15,26.0117,33.4914
2019-01-16,26.0765,33.5504
2019-01-17,26.0855,33.6155
2019-01-18,26.1679,33.7156
2019-01-21,26.2523,33.8276
2019-01-22,26.5098,34.1151
2019-01-23,26.7491,34.3947
2019-01-24,26.7961,34.4373
2019-01-25,26.8512,34.5042
2019-01-28,26.8502,34.5138
2019-01-29,26.856,34.5089
2019-01-30,26.9876,34.6579
2019-01-31,27.1112,34.8289
2019-02-01,27.2855,35.0084
2019-02-04,27.2898,35.0177
2019-02-05,27.2986,35.0213
2019-02-06,27.3493,35.1178
2019-02-07,27.2685,35.0093
2019-02-08,27.2625,34.9858
2019-02-11,26.9937,34.6763
2019-02-12,27.0519,34.7558
2019-02-13,27.3085,35.0664
2019-02-14,27.2406,34.983
2019-02-15,26.9871,34.635
2019-02-18,26.9513,34.6205
2019-02-20,27.1512,34.8666
2019-02-21,27.1976,34.9066
2019-02-22,27.3925,35.1969
2019-02-25,27.6412,35.4743
2019-02-26,27.4812,35.2816
2019-02-27,27.529,35.3256
2019-02-28,27.2785,34.9978
2019-03-01,27.093,34.7686
2019-03-04,26.966,34.6287
2019-03-05,27.0373,34.7303
2019-03-06,26.8622,34.4979
2019-03-07,27.0072,34.6863
2019-03-08,26.962,34.6175
2019-03-11,26.8832,34.5306
2019-03-12,26.8758,34.5359
2019-03-13,27.1164,34.8415
2019-03-14,27.0969,34.8119
2019-03-15,26.9103,34.5876
2019-03-18,26.7733,34.416
2019-03-19,27.0289,34.7201
2019-03-20,26.9819,34.6461
2019-03-21,27.1107,34.8169
2019-03-22,27.4064,35.1758
2019-03-25,27.0122,34.6768
2019-03-26,27.1251,34.8475
2019-03-27,27.0277,34.7514
2019-03-28,27.0836,34.8428
2019-03-29,27.1775,34.924
2019-04-01,27.2383,35.0526
2019-04-02,27.356,35.2143
2019-04-03,27.3532,35.193
2019-04-04,27.2023,35.0745
2019-04-05,27.2298,35.1175
2019-04-09,27.4661,35.4122
2019-04-10,27.5603,35.5227
2019-04-11,27.5127,35.4414
2019-04-12,27.5288,35.4866
2019-04-17,27.6965,35.7081
2019-04-18,27.7265,35.7556
2019-04-19,27.7109,35.7342
2019-04-22,27.7251,35.7288
2019-04-23,27.7463,35.7383
2019-04-24,27.803,35.8148
2019-04-25,27.7468,35.7878
2019-04-26,27.6509,35.6335
2019-04-29,27.6422,35.6104
2019-04-30,27.8006,35.8127
2019-05-02,27.8849,35.9474
2019-05-03,27.9132,35.9907
2019-05-07,27.7186,35.7653
2019-05-08,27.4857,35.447
2019-05-09,27.3681,35.2702
2019-05-10,27.4357,35.3458
2019-05-13,27.3003,35.1836
2019-05-14,27.2342,35.0647
2019-05-15,25.9291,34.8104
2019-05-16,25.859,34.6392
2019-05-17,25.7513,34.4926
2019-05-21,25.8312,34.5981
2019-05-22,26.0786,34.9632
2019-05-23,25.7805,34.5608
2019-05-24,25.8241,34.6121
2019-05-27,26.0172,34.8296
2019-05-28,26.1585,35.0093
2019-05-29,25.9005,34.6975
2019-05-30,25.8929,34.7595
2019-05-31,25.8286,34.6943
2019-06-04,26.1398,35.1114
2019-06-05,26.3069,35.3475
2019-06-06,26.3409,35.401
2019-06-07,26.2994,35.3582
2019-06-10,26.4725,35.6034
2019-06-11,26.5774,35.7675
2019-06-12,26.5939,35.7572
2019-06-13,26.6095,35.7939
2019-06-14,26.5631,35.7394
2019-06-17,26.4202,35.6273
2019-06-18,26.7187,36.0551
2019-06-19,27.1876,36.6194
2019-06-20,27.4337,36.9188
2019-06-21,27.3791,36.8473
2019-06-24,27.3887,36.8303
2019-06-25,27.4556,36.95
2019-06-26,27.393,36.9314
2019-06-27,27.5695,37.1598
2019-06-28,27.5549,37.1087
2019-07-01,27.7376,37.3946
2019-07-02,27.5543,37.1638
2019-07-03,27.5932,37.2321
2019-07-04,27.364,36.8887
2019-07-05,27.4315,37.0221
2019-07-08,27.3812,36.932
2019-07-09,27.1999,36.6473
2019-07-10,27.5143,37.1083
2019-07-11,27.4704,37.0779
2019-07-12,27.2855,36.8485
2019-07-15,27.2406,36.8305
2019-07-17,27.1764,36.705
2019-07-18,27.1858,36.7568
2019-07-19,27.4036,36.9965
2019-07-22,27.228,36.7637
2019-07-23,27.2092,36.7275
2019-07-24,27.1573,36.6863
2019-07-25,27.2136,36.7877
2019-07-26,26.9671,36.4739
2019-07-30,26.869,36.323
2019-07-31,26.9745,36.4663
2019-08-01,26.8285,36.2609
2019-08-02,26.5679,35.8953
2019-08-05,26.2229,35.4258
2019-08-06,26.2939,35.5466
2019-08-07,26.2687,35.4967
2019-08-08,26.204,35.4023
2019-08-09,26.0073,35.1095
2019-08-13,25.468,34.4165
2019-08-14,25.4826,34.4282
2019-08-15,25.2228,34.12
2019-08-16,25.7031,34.7774
2019-08-19,25.8036,34.9126
2019-08-20,25.5669,34.6121
2019-08-21,25.763,34.9397
2019-08-22,25.7008,34.8673
2019-08-23,25.9238,35.2136
2019-08-26,25.5041,34.6658
2019-08-27,25.3803,34.4649
2019-08-28,25.4429,34.5302
2019-08-29,25.8564,35.0828
2019-08-30,26.2028,35.5194
2019-09-02,26.1428,35.4717
2019-09-03,25.8819,35.1687
2019-09-04,26.205,35.6417
2019-09-05,26.4211,35.9376
2019-09-06,26.4251,35.9516
2019-09-09,26.458,35.9949
2019-09-10,26.377,35.9012
2019-09-11,26.6388,36.1809
2019-09-12,26.3917,35.8203
2019-09-13,26.3893,35.8134
2019-09-16,26.428,35.8868
2019-09-17,26.4509,35.9454
2019-09-18,26.2796,35.7089
2019-09-19,26.0559,35.3776
2019-09-20,26.0426,35.3335
2019-09-23,25.8052,34.9957
2019-09-24,25.9596,35.1858
2019-09-25,25.9017,35.0865
2019-09-26,26.0427,35.3118
2019-09-27,26.1927,35.5129
2019-09-30,26.0668,35.3662
2019-10-01,25.8321,35.0354
2019-10-02,25.6472,34.7811
2019-10-03,25.5954,34.7339
2019-10-04,25.5028,34.6389
2019-10-07,25.6192,34.8397
2019-10-08,25.5847,34.7743
2019-10-09,25.6601,34.9222
2019-10-10,25.5027,34.7064
2019-10-11,25.9072,35.2327
2019-10-15,25.918,35.2807
2019-10-16,26.0605,35.472
2019-10-17,25.9824,35.4491
2019-10-18,25.9495,35.4038
2019-10-21,25.7646,35.1479
2019-10-22,25.9231,35.4063
2019-10-24,25.765,35.2137
2019-10-25,25.3536,34.6592
2019-10-28,25.4458,34.8
2019-10-29,25.393,34.6632
2019-10-30,25.7215,34.9678
2019-10-31,25.6434,34.8797
2019-11-01,25.5069,34.7324
2019-11-04,26.0665,35.5043
2019-11-05,26.1769,35.6401
2019-11-06,26.0818,35.5327
2019-11-07,26.3404,35.9417
2019-11-08,26.2757,35.8556
2019-11-11,26.0618,35.5036
2019-11-12,26.1273,35.6001
2019-11-13,25.9587,35.3634
2019-11-14,25.8973,35.2681
2019-11-15,25.871,35.1498
2019-11-18,25.956,35.2791
2019-11-19,25.9248,35.2299
2019-11-20,25.7464,34.9529
2019-11-21,25.6886,34.869
2019-11-22,25.7656,35.0083
2019-11-25,26.0327,35.4044
2019-11-26,25.8628,35.2059
2019-11-27,25.866,35.2076
2019-11-28,25.698,34.9874
2019-11-29,25.537,34.7644
2019-12-02,25.1642,34.268
2019-12-03,25.1539,34.2504
2019-12-04,25.1677,34.2263
2019-12-06,25.0506,34.0782
2019-12-09,25.002,34.0194
2019-12-11,25.0501,34.0716
2019-12-12,25.2858,34.416
2019-12-13,25.4353,34.697
2019-12-16,24.9887,34.0927
2019-12-17,25.0294,34.1391
2019-12-18,25.3277,34.5586
2019-12-19,25.4643,34.7351
2019-12-20,25.4334,34.7148
2019-12-23,25.4819,34.766
2019-12-24,25.3765,34.627
2019-12-25,25.4486,34.7193
2019-12-26,25.5226,34.8056
2019-12-27,25.4817,34.7565
2019-12-30,25.4685,34.7336
2020-01-02,25.7154,35.1333
2020-01-03,25.6746,35.0852
2020-01-06,25.3532,34.5797
2020-01-07,25.622,34.9428
2020-01-08,25.2345,34.3668
2020-01-09,25.5348,34.8179
2020-01-10,25.5326,34.8135
2020-01-13,25.6187,34.9151
2020-01-14,25.6275,34.9095
2020-01-15,25.4784,34.7023
2020-01-16,25.7616,35.0636
2020-01-17,25.8031,35.1392
2020-01-20,25.6095,34.8379
2020-01-21,25.3761,34.5307
2020-01-22,25.4033,34.5637
2020-01-23,25.4042,34.548
2020-01-24,25.3462,34.4488
2020-01-27,24.5142,33.3138
2020-01-28,24.3248,33.068
2020-01-29,24.5579,33.3806
2020-01-30,24.5075,33.329
2020-01-31,24.3398,33.1126
2020-02-03,24.0383,32.7112
2020-02-04,24.4526,33.294
2020-02-05,24.6678,33.5838
2020-02-06,24.6407,33.5557
2020-02-07,24.6058,33.5182
2020-02-11,24.4137,33.2385
2020-02-12,24.7021,33.6266
2020-02-13,24.5635,33.433
2020-02-14,24.4604,33.2806
2020-02-17,24.5387,33.3812
2020-02-18,24.2905,33.0557
2020-02-19,24.2313,32.9661
2020-02-20,23.9633,32.5977
2020-02-21,24.072,32.7114
2020-02-24,23.0924,31.377
2020-02-25,23.2362,31.5624
2020-02-26,22.0984,29.9566
2020-02-27,22.5913,30.6461
2020-02-28,21.6384,29.3456
2020-03-02,21.6056,29.3487
2020-03-03,22.3355,30.3331
2020-03-04,22.4009,30.4297
2020-03-05,22.5659,30.655
2020-03-06,22.0696,29.9912
2020-03-09,19.9919,27.1833
2020-03-10,20.2606,27.5606
2020-03-11,19.8672,27.0391
2020-03-12,17.5687,23.9238
2020-03-13,18.1168,24.6534
2020-03-16,16.6858,22.7255
2020-03-17,16.5245,22.5251
2020-03-18,16.7561,22.8472
2020-03-19,16.7172,22.819
2020-03-20,18.2374,24.8952
2020-03-23,16.4492,22.4262
2020-03-24,16.7342,22.7863
2020-03-25,17.6351,23.9878
2020-03-26,17.8495,24.2851
2020-03-27,17.8878,24.361
2020-03-30,17.6484,24.0315
2020-03-31,18.2726,24.9002
2020-04-01,17.8757,24.374
2020-04-02,18.5255,25.2527
2020-04-03,18.4941,25.2185
2020-04-07,19.8969,27.1108
2020-04-08,19.665,26.8016
2020-04-09,19.7729,26.9411
2020-04-10,20.0711,27.3378
2020-04-13,20.1638,27.4727
2020-04-14,20.433,27.8675
2020-04-15,20.0482,27.3351
2020-04-16,19.4193,26.4767
2020-04-17,20.1836,27.5029
2020-04-20,20.7088,28.2103
2020-04-21,20.4298,27.8305
2020-04-22,20.5848,28.0477
2020-04-23,20.7064,28.2178
2020-04-24,20.425,27.8249
2020-04-27,20.5908,28.0473
2020-04-28,20.7305,28.2368
2020-04-29,20.8367,28.3776
2020-04-30,21.2305,28.9064
2020-05-05,20.8134,28.3513
2020-05-07,20.4919,27.9048
2020-05-08,20.6363,28.0905
2020-05-11,21.0101,28.6157
2020-05-12,21.1981,28.887
2020-05-13,21.0584,28.7089
2020-05-14,20.7734,28.343
2020-05-15,20.7241,28.2946
2020-05-18,20.2727,28.4351
2020-05-19,20.6737,28.9732
2020-05-20,20.8547,29.2276
2020-05-21,20.8324,29.1883
2020-05-22,20.4914,28.7254
2020-05-25,20.732,29.0605
2020-05-26,20.9839,29.4057
2020-05-27,21.1364,29.6233
2020-05-28,20.9926,29.4267
2020-05-29,21.1793,29.6625
2020-06-01,21.3038,29.8408
2020-06-02,21.7168,30.4195
2020-06-04,22.3761,31.3263
2020-06-05,22.8212,31.9312
2020-06-08,22.8187,31.9179
2020-06-09,22.2619,31.1453
2020-06-10,22.4559,31.4182
2020-06-11,22.0348,30.8374
2020-06-12,21.7627,30.4471
2020-06-15,21.0498,29.4571
2020-06-16,21.5455,30.0965
2020-06-17,21.6563,30.2631
2020-06-18,21.565,30.1375
2020-06-19,21.4879,30.0412
2020-06-22,21.1559,29.5912
2020-06-23,21.243,29.7027
2020-06-24,20.8355,29.1381
2020-06-25,20.7135,28.9676
2020-06-26,20.7998,29.0862
2020-06-29,20.7987,29.0859
2020-06-30,20.9509,29.2901
2020-07-01,21.1187,29.5241
2020-07-02,21.5923,30.1777
2020-07-03,21.5061,30.0561
2020-07-07,21.4965,30.0343
2020-07-08,21.2671,29.7247
2020-07-09,21.2958,29.7761
2020-07-10,20.955,29.3142
2020-07-13,20.7918,29.0864
2020-07-14,20.8041,29.1044
2020-07-15,21.035,29.4283
2020-07-16,20.8906,29.2371
2020-07-17,21.1016,29.5304
2020-07-20,21.0488,29.4614
2020-07-21,21.3807,29.9248
2020-07-22,21.034,29.4395
2020-07-23,21.0595,29.4788
2020-07-24,20.7036,28.9855
2020-07-29,20.6119,28.8563
2020-07-30,20.2115,28.2878
2020-07-31,20.4228,28.5777
2020-08-03,20.1792,28.2408
2020-08-04,20.3535,28.4937
2020-08-05,20.4835,28.6625
2020-08-06,20.4474,28.6195
2020-08-07,20.2733,28.3833
2020-08-10,20.2042,28.2847
2020-08-11,20.507,28.7116
2020-08-13,20.817,29.1405
2020-08-14,20.4602,28.6441
2020-08-17,20.4029,28.5622
2020-08-18,20.5575,28.7799
2020-08-19,20.1729,28.2416
2020-08-20,19.9387,27.9125
2020-08-21,19.9316,27.9069
2020-08-24,20.2205,28.3044
2020-08-25,20.265,28.3606
2020-08-26,20.3328,28.4584
2020-08-27,20.3846,28.5422
2020-08-28,20.3119,28.4427
2020-08-31,20.0528,28.0754
2020-09-01,19.9976,27.9931
2020-09-02,20.1457,28.1949
2020-09-03,20.0776,28.1017
2020-09-08,19.8003,27.7172
2020-09-09,19.7721,27.6716
2020-09-10,19.7383,27.632
2020-09-11,19.5787,27.413
2020-09-14,19.4551,27.2397
2020-09-15,19.6717,27.5341
2020-09-16,19.7957,27.7123
2020-09-17,19.63,27.4747
2020-09-18,19.6452,27.5136
2020-09-21,19.3809,27.1478
2020-09-22,19.2126,26.9173
2020-09-23,19.0537,26.7018
2020-09-24,18.6921,26.2029
2020-09-25,18.6662,26.1635
2020-09-28,19.0499,26.6925
2020-09-29,18.9218,26.5079
2020-09-30,18.5721,26.0152
2020-10-01,18.7246,26.2433
2020-10-02,18.4646,25.8899
2020-10-05,18.5693,26.0362
2020-10-06,18.706,26.2257
2020-10-07,18.9344,26.5488
2020-10-08,19.1148,26.7998
2020-10-09,19.0305,26.6615
2020-10-12,19.1184,26.7849
2020-10-14,18.8872,26.46
2020-10-15,18.5777,26.0363
2020-10-16,18.4565,25.8547
2020-10-19,18.0807,25.3398
2020-10-20,18.0816,25.331
2020-10-21,18.1903,25.4764
2020-10-22,18.1257,25.3957
2020-10-26,18.0132,25.2351
2020-10-27,18.0357,25.2595
2020-10-28,17.9835,25.1737
2020-10-29,17.8606,25.0105
2020-10-30,17.7477,24.8503
2020-11-02,17.8394,25.002
2020-11-03,18.1999,25.5021
2020-11-04,18.1835,25.4736
2020-11-05,18.9952,26.613
2020-11-06,18.9702,26.5599
2020-11-09,19.4561,27.2544
2020-11-10,20.7722,29.133
2020-11-11,20.8187,29.213
2020-11-12,20.5809,28.8866
2020-11-13,20.7478,29.1215
2020-11-16,20.8095,29.2154
2020-11-17,20.7766,29.1632
2020-11-18,21.0559,29.5549
2020-11-19,21.0758,29.5918
2020-11-20,21.4242,30.079
2020-11-23,21.9702,30.8484
2020-11-24,21.6171,30.3606
2020-11-25,21.89,30.7415
2020-11-26,22.1115,31.0455
2020-11-27,22.1046,31.0302
2020-11-30,21.5204,30.2147
2020-12-01,21.7633,30.5765
2020-12-02,21.7186,30.5075
2020-12-03,22.0339,30.9529
2020-12-04,22.2479,31.2526
2020-12-08,22.6097,31.7738
2020-12-09,22.6605,31.862
2020-12-14,22.4044,31.509
2020-12-15,22.4291,31.5539
2020-12-16,22.4674,31.6072
2020-12-17,22.4129,31.5426
2020-12-18,22.3762,31.4861
2020-12-21,21.0841,29.6624
2020-12-22,21.4073,30.1209
2020-12-23,21.1269,29.7209
2020-12-24,21.4971,30.2508
2020-12-25,21.6886,30.5231
2020-12-28,21.3743,30.1068
2020-12-29,21.8,30.7134
2020-12-30,21.4996,30.1481
2021-01-04,21.8355,30.6031
2021-01-05,22.5219,31.5783
2021-01-06,22.205,31.1301
2021-01-07,22.5737,31.6235
2021-01-08,23.078,32.355
2021-01-11,23.0146,32.2653
2021-01-12,23.0387,32.2842
2021-01-13,23.1767,32.4561
2021-01-14,22.9522,32.1535
2021-01-15,22.6282,31.7089
2021-01-18,22.4392,
2021-01-19,22.6376,31.7177
2021-01-20,22.5158,31.5429
2021-01-21,22.4874,31.5002
2021-01-22,22.2141,31.1098
2021-01-25,22.2813,31.183
2021-01-26,22.4953,31.48
2021-01-27,22.1618,31.0096
2021-01-28,21.6842,30.3557
2021-01-29,21.6796,30.3529
2021-02-01,21.8312,30.5563
2021-02-02,21.9485,30.7266
2021-02-03,21.8599,30.5907
2021-02-04,21.8552,30.5763
2021-02-05,22.096,30.906
2021-02-08,22.4534,31.3878
2021-02-09,22.4841,31.4279
2021-02-10,22.4954,31.4545
2021-02-11,22.3255,31.2259
2021-02-15,22.4951,31.4673
2021-02-16,22.5,31.466
2021-02-17,22.3164,31.207
2021-02-18,22.2307,31.0717
2021-02-19,22.0637,30.8506
2021-02-22,21.733,30.3932
2021-02-23,22.1449,30.9538
2021-02-24,21.9892,30.738
2021-02-25,22.0739,30.8598
2021-03-01,22.1641,30.9856
2021-03-02,22.1806,31.0037
2021-03-03,22.9142,32.0307
2021-03-04,22.7193,31.7582
2021-03-05,22.8516,31.9292
2021-03-08,22.8641,31.9272
2021-03-09,22.9202,32.029
2021-03-10,23.2817,32.5369
2021-03-11,23.3572,32.6357
2021-03-12,23.2323,32.4622
2021-03-15,23.1136,32.3026
2021-03-16,23.044,32.2039
2021-03-17,23.0925,32.2757
2021-03-18,23.0618,32.2324
2021-03-19,22.9025,32.0105
2021-03-22,22.9035,32.0114
2021-03-23,22.8661,31.954
2021-03-24,22.9534,32.0807
2021-03-25,22.9402,32.0852
2021-03-26,22.9932,32.1479
2021-03-29,23.0892,32.2793
2021-03-30,23.2042,32.4437
2021-03-31,23.1741,32.395
2021-04-01,23.2734,32.5403
2021-04-02,23.2832,32.5554
2021-04-05,23.0108,32.1789
2021-04-07,22.6728,31.7067
2021-04-08,22.6853,31.7273
2021-04-09,22.8276,31.919
2021-04-12,22.4751,31.4297
2021-04-16,22.603,31.6062
2021-04-19,22.9323,32.0657
2021-04-20,23.0471,32.221
2021-04-21,23.0151,32.1757
2021-04-22,22.7968,31.8752
2021-04-23,22.5581,31.5466
2021-04-26,22.5904,31.5877
2021-04-27,22.5767,31.5682
2021-04-28,22.8462,31.9419
2021-04-29,23.1145,32.3122
2021-04-30,22.9095,32.0278
2021-05-05,22.3065,31.1876
2021-05-06,22.6972,31.7319
2021-05-07,22.9428,32.0753
2021-05-10,23.0271,32.1949
2021-05-11,22.9685,32.1125
2021-05-12,22.8607,31.9642
2021-05-13,22.5227,31.4915
2021-05-14,22.5316,31.5036
2021-05-17,21.848,31.5271
2021-05-18,22.0815,31.8566
2021-05-19,21.951,31.6759
2021-05-20,21.8289,31.504
2021-05-21,21.8094,31.4772
2021-05-24,21.7449,31.3861
2021-05-25,22.0508,31.8275
2021-05-27,22.2614,32.1329
2021-05-28,22.2417,32.1042
2021-05-31,22.3877,32.3159
2021-06-01,22.8157,32.936
2021-06-02,22.7483,32.8381
2021-06-04,22.6094,32.6383
2021-06-07,22.6235,32.6583
2021-06-08,22.6277,32.6635
2021-06-09,22.8336,32.9608
2021-06-10,22.8229,32.9452
2021-06-11,23.0351,33.2514
2021-06-14,22.9775,33.1699
2021-06-15,22.769,32.8694
2021-06-16,22.7848,32.8935
2021-06-17,22.6422,32.6863
2021-06-18,22.5777,32.5944
2021-06-21,22.3848,32.3196
2021-06-22,22.3616,32.2861
2021-06-23,22.2916,32.1856
2021-06-24,22.2252,32.0895
2021-06-25,22.1931,32.044
2021-06-28,22.0875,31.8918
2021-06-29,22.2523,32.1319
2021-06-30,22.1654,31.9875
2021-07-01,22.2493,32.1081
2021-07-02,22.0622,31.8383
2021-07-05,22.0857,31.8726
2021-07-06,22.2344,32.0876
2021-07-07,22.0363,31.8018
2021-07-08,21.6092,31.1853
2021-07-09,21.711,31.332
2021-07-12,21.665,31.2661
2021-07-13,21.9438,31.6679
2021-07-14,21.8598,31.5464
2021-07-15,21.9025,31.6087
2021-07-16,21.8975,31.6016
2021-07-19,21.6213,31.2028
2021-07-20,21.3884,30.8677
2021-07-21,21.4307,30.9291
2021-07-22,21.5936,31.1638
2021-07-23,21.4571,30.9667
2021-07-27,21.3283,30.7813
2021-07-29,21.3649,30.8345
2021-07-30,21.1676,30.5499
2021-08-02,21.2509,30.6697
2021-08-03,21.4377,30.9394
2021-08-04,21.5135,31.0483
2021-08-05,21.1861,30.5771
2021-08-06,21.1156,30.4754
2021-08-09,21.4178,30.9105
2021-08-10,21.4349,30.9351
2021-08-11,21.3327,30.7881
2021-08-13,21.3578,30.8243
2021-08-16,,31.013
2021-08-17,21.6622,31.263
2021-08-18,21.7625,31.4078
2021-08-19,21.6026,31.1777
2021-08-20,21.7222,31.35
2021-08-23,22.2433,32.1011
2021-08-24,22.3127,32.2009
2021-08-25,22.5145,32.4894
2021-08-26,22.5014,32.4703
2021-08-27,22.6802,32.7262
2021-08-30,23.0382,33.2388
2021-08-31,23.1499,33.399
2021-09-01,23.058,33.2672
2021-09-02,23.3052,33.6206
2021-09-03,23.3644,33.7053
2021-09-06,23.2989,33.6102
2021-09-07,23.1625,33.4135
2021-09-08,23.2003,33.4678
2021-09-09,22.9564,33.1198
2021-09-10,23.0367,33.2339
2021-09-13,22.9482,33.1058
2021-09-14,22.7863,32.8727
2021-09-15,22.8195,32.9209
2021-09-16,22.8825,33.0115
2021-09-17,22.7929,32.8828
2021-09-20,22.4617,32.4077
2021-09-21,22.6206,32.6353
2021-09-22,22.6684,32.7035
2021-09-23,22.9561,33.1145
2021-09-27,22.822,32.9206
2021-09-28,22.7495,32.8171
2021-09-29,22.7883,32.8722
2021-09-30,22.6128,32.6197
2021-10-01,22.6275,32.6406
2021-10-04,22.772,32.848
2021-10-05,22.95,33.104
2021-10-06,22.8186,32.915
2021-10-07,23.025,33.2114
2021-10-08,23.1089,33.3318
2021-10-11,23.0316,33.2207
2021-10-12,23.2075,33.4728
2021-10-14,23.1514,33.3917
2021-10-15,23.1549,33.3964
2021-10-18,23.2387,33.5165
2021-10-19,23.0257,33.2115
2021-10-20,23.1152,33.3401
2021-10-21,23.1837,33.4387
2021-10-25,23.0418,33.2343
2021-10-26,23.07,33.2751
2021-10-27,22.9126,33.0484
2021-10-28,22.8973,33.0262
2021-10-29,22.8505,32.9582
2021-11-01,22.7506,32.8136
2021-11-02,22.8605,32.9715
2021-11-03,22.8019,32.887
2021-11-04,22.9761,33.1377
2021-11-05,22.9741,33.1346
2021-11-08,22.9785,33.139
2021-11-09,22.9849,33.1487
2021-11-10,22.9552,33.106
2021-11-11,22.969,33.1258
2021-11-12,22.9614,33.1153
2021-11-15,23.0641,33.2642
2021-11-16,23.1209,33.346
2021-11-17,23.1221,33.3478
2021-11-18,23.1837,33.4366
2021-11-19,23.0817,33.2898
2021-11-22,23.1921,33.4487
2021-11-23,23.1462,33.3836
2021-11-24,23.1908,33.4478
2021-11-25,23.1561,33.3975
2021-11-26,22.5561,32.5335
2021-11-29,22.2359,32.0739
2021-11-30,21.929,31.6298
2021-12-01,22.2258,32.059
2021-12-02,22.226,32.0594
2021-12-03,22.1307,31.9223
2021-12-07,22.4602,32.3975
2021-12-08,22.6111,32.6146
2021-12-09,22.5594,32.5401
2021-12-13,22.6646,32.6916
2021-12-14,22.7646,32.8364
2021-12-15,22.6007,32.5999
2021-12-16,22.9831,33.1508
2021-12-17,22.9203,33.061
2021-12-20,22.4835,32.4335
2021-12-21,22.5668,32.5528
2021-12-22,22.6258,32.6381
2021-12-23,22.8722,32.9922
2021-12-24,22.8531,32.965
2021-12-27,22.8606,32.9759
2021-12-28,23.0234,33.2098
2021-12-29,23.1835,33.4306
2021-12-30,23.2151,33.4521
2022-01-04,23.4168,33.741
2022-01-05,23.4887,33.8463
2022-01-06,23.0474,33.2106
2022-01-07,23.0986,33.2854
2022-01-10,23.0929,33.2777
2022-01-11,23.2326,33.4796
2022-01-12,23.3857,33.6997
2022-01-13,23.3524,33.6518
2022-01-14,23.2806,33.5481
2022-01-17,23.3449,33.6397
2022-01-18,23.1335,33.3349
2022-01-19,23.1695,33.387
2022-01-20,23.1992,33.43
2022-01-21,23.1197,33.3151
2022-01-24,23.0737,33.2491
2022-01-25,23.0806,33.2586
2022-01-26,23.2369,33.4827
2022-01-27,23.1459,33.3552
2022-01-28,23.1942,33.425
2022-01-31,23.2589,33.5187
2022-02-01,23.3724,33.681
2022-02-02,23.4102,33.7353
2022-02-03,23.4189,33.7481
2022-02-04,23.4914,33.8515
2022-02-07,23.5624,33.9517
2022-02-08,23.6874,34.1304
2022-02-09,24.1173,34.7439
2022-02-10,24.1423,34.7789
2022-02-11,24.1065,34.7271
2022-02-14,23.9584,34.5138
2022-02-15,24.1593,34.8023
2022-02-17,24.3033,35.0104
2022-02-18,24.3265,35.043
2022-02-21,23.9449,34.498
2022-02-22,23.877,34.3996
2022-02-23,24.0071,34.5855
2022-02-24,23.6197,34.0285
2022-02-25,23.8002,34.2884
2022-02-28,23.9134,34.4509
2022-03-01,24.0319,34.6212
2022-03-02,24.0709,34.6775
2022-03-03,24.1881,34.8451
2022-03-04,23.8199,34.3246
2022-03-07,23.2094,33.4494
2022-03-08,23.1979,33.4317
2022-03-09,23.4869,33.848
2022-03-10,23.5665,33.9636
2022-03-11,23.7403,34.2138
2022-03-14,23.8141,34.3195
2022-03-15,23.5885,33.9953
2022-03-16,23.8969,34.4381
2022-03-17,24.069,34.685
2022-03-18,23.9712,34.545
2022-03-21,23.8754,34.4071
2022-03-22,23.9132,34.4623
2022-03-23,23.8202,34.3302
2022-03-24,23.9071,34.4553
2022-03-25,23.8241,34.3358
2022-03-28,23.9077,34.4554
2022-03-29,24.0101,34.6016
2022-03-30,24.151,34.8033
2022-03-31,24.0768,34.6965
2022-04-01,24.1698,34.8296
2022-04-04,24.149,34.7998
2022-04-05,24.1169,34.7539
2022-04-07,23.79,34.2849
2022-04-08,23.7918,34.2872
2022-04-11,23.7072,34.1654
2022-04-12,23.6475,34.0794
2022-04-18,23.6536,34.0881
2022-04-19,23.7474,34.2227
2022-04-20,23.7657,34.2486
2022-04-21,23.8578,34.3814
2022-04-22,23.8138,34.3183
2022-04-25,23.5815,33.9851
2022-04-26,23.5499,33.9394
2022-04-27,23.4782,33.8365
2022-04-28,23.605,34.0195
2022-04-29,23.6149,34.0355
2022-05-03,23.5091,33.8843
2022-05-05,23.4745,33.8334
2022-05-06,23.2291,33.479
2022-05-09,22.9363,33.0561
2022-05-10,23.2026,33.4414
2022-05-11,23.1115,33.3102
2022-05-12,22.8404,32.9182
2022-05-13,22.9134,33.023
2022-05-17,22.625,33.6219
2022-05-18,22.7796,33.8448
2022-05-19,22.5351,33.4942
2022-05-20,22.7791,33.8556
2022-05-23,22.9997,34.1835
2022-05-24,22.8282,33.9287
2022-05-25,22.7794,33.8559
2022-05-26,22.909,34.0495
2022-05-27,23.0013,34.1863
2022-05-30,23.2036,34.4878
2022-05-31,23.355,34.7124
2022-06-01,23.3554,34.7131
2022-06-02,23.2074,34.4941
2022-06-06,23.1911,34.4691
2022-06-07,22.9789,34.153
2022-06-08,23.0388,34.2417
2022-06-09,23.1426,34.3958
2022-06-10,23.0141,34.2041
2022-06-13,22.5753,33.5524
2022-06-14,22.62,33.6189
2022-06-15,22.5091,33.4538
2022-06-16,22.0219,32.7295
2022-06-17,22.0248,32.734
2022-06-20,22.0538,32.7767
2022-06-21,22.2477,33.0648
2022-06-22,22.0403,32.7569
2022-06-23,21.9848,32.6751
2022-06-24,22.1451,32.9133
2022-06-27,22.3379,33.1991
2022-06-28,22.5701,33.5435
2022-06-29,22.4388,33.3488
2022-06-30,22.1596,32.9085
2022-07-01,22.2727,33.0745
2022-07-04,22.1525,32.8959
2022-07-05,21.982,32.6418
2022-07-06,21.9976,32.6639
2022-07-07,22.2445,33.0317
2022-07-08,22.2325,33.0143
2022-07-11,22.2632,33.0602
2022-07-12,22.0954,32.8102
2022-07-14,21.9571,32.605
2022-07-15,21.9178,32.547
2022-07-18,22.08,32.7882
2022-07-19,21.9015,32.5228
2022-07-20,21.9399,32.5804
2022-07-21,22.0096,32.6841
2022-07-22,22.1302,32.863
2022-07-25,22.1956,32.9599
2022-07-26,22.1336,32.8681
2022-07-27,22.3297,33.1589
2022-08-01,22.4857,33.3899
2022-08-02,22.4881,33.3937
2022-08-03,22.5273,33.4519
2022-08-04,22.5298,33.4548
2022-08-05,22.5787,33.5272
2022-08-08,22.8029,33.86
2022-08-09,22.8757,33.9685
2022-08-10,22.9093,34.0185
2022-08-11,22.9674,34.1041
2022-08-15,23.0211,34.1839
2022-08-16,23.0209,34.1844
2022-08-17,23.1318,34.3488
2022-08-18,23.0736,34.2629
2022-08-19,22.9615,34.0968
2022-08-22,22.8003,33.858
2022-08-23,23.0569,34.238
2022-08-24,23.093,34.2921
2022-08-25,23.2755,34.5614
2022-08-26,23.2766,34.5635
2022-08-29,23.0354,34.2066
2022-08-30,23.2607,34.5402
2022-08-31,23.3009,34.5993
2022-09-01,23.0269,34.1933
2022-09-02,23.0279,34.1947
2022-09-05,22.9977,34.1501
2022-09-06,23.1917,34.4381
2022-09-07,23.1621,34.3954
2022-09-08,23.119,34.3308
2022-09-09,23.2614,34.5418
2022-09-12,23.4393,34.8057
2022-09-13,23.456,34.8297
2022-09-14,23.3459,34.6679
2022-09-15,23.1736,34.4129
2022-09-16,22.9952,34.1491
2022-09-19,22.9934,34.1457
2022-09-20,23.0928,34.2939
2022-09-21,23.0402,34.2155
2022-09-22,23.1734,34.4126
2022-09-23,22.9795,34.1255
2022-09-26,22.8385,33.9175
2022-09-27,22.7871,33.8413
2022-09-28,22.6481,33.6352
2022-09-29,22.4845,33.3919
2022-09-30,22.4306,33.3121
2022-10-03,22.0345,32.726
2022-10-04,22.2541,33.0512
2022-10-05,22.2868,33.1003
2022-10-06,22.3294,33.1636
2022-10-07,22.2438,33.0362
2022-10-10,22.1045,32.8292
2022-10-11,22.0245,32.7106
2022-10-12,22.0497,32.7477
2022-10-17,22.1612,32.9131
2022-10-18,22.3958,33.2635
2022-10-19,22.3978,33.2686
2022-10-20,22.6014,33.5707
2022-10-21,22.5986,33.5667
2022-10-25,22.7306,33.7638
2022-10-26,22.7309,33.764
2022-10-27,22.9085,34.0282
2022-10-28,22.9457,34.0845
2022-10-31,23.0114,34.1817
2022-11-01,23.2463,34.5307
2022-11-02,23.2919,34.5981
2022-11-03,23.2485,34.5337
2022-11-04,23.2507,34.5372
2022-11-07,23.1913,34.4485
2022-11-08,23.367,34.7105
2022-11-09,23.24,34.521
2022-11-10,23.2071,34.472
2022-11-11,23.5257,34.9459
2022-11-14,23.3107,34.6263
2022-11-15,23.3121,34.6284
2022-11-16,23.1337,34.3635
2022-11-17,23.0433,34.2288
2022-11-18,23.0633,34.2586
2022-11-21,23.1351,34.3652
2022-11-22,23.0698,34.2682
2022-11-23,23.2068,34.4714
2022-11-24,23.2134,34.4811
2022-11-25,23.0993,34.3118
2022-11-28,23.0105,34.18
2022-11-29,23.1875,34.442
2022-11-30,23.3478,34.6793
2022-12-01,23.361,34.6988
2022-12-02,23.1953,34.4531
2022-12-06,23.1113,34.3281
2022-12-07,22.9958,34.1564
2022-12-08,22.9637,34.1085
2022-12-09,22.9991,34.1615
2022-12-13,23.0484,34.234
2022-12-14,23.1302,34.3558
2022-12-15,22.9869,34.1427
2022-12-16,23.0257,34.1998
2022-12-19,23.0057,34.1697
2022-12-20,22.871,33.9695
2022-12-21,22.87,33.9681
2022-12-22,22.9684,34.1139
2022-12-23,22.9763,34.1256
2022-12-26,23.0983,34.3069
2022-12-27,23.3912,34.7418
2022-12-28,23.4952,34.8961
2022-12-29,23.7208,35.2294
2022-12-30,23.6009,35.1163
2023-01-03,23.7643,35.3397
2023-01-04,23.6871,35.218
2023-01-05,23.5405,34.9593
2023-01-06,23.662,35.1372
2023-01-09,23.8964,35.4938
2023-01-10,23.8822,35.472
2023-01-11,23.7483,35.2838
2023-01-12,23.7462,35.2897
2023-01-13,23.6317,35.1053
2023-01-16,23.6493,35.1369
2023-01-17,23.5764,35.0285
2023-01-18,23.6621,35.1623
2023-01-19,23.7111,35.2345
2023-01-20,23.514,34.9445
2023-01-23,23.6015,35.0853
2023-01-24,23.5807,35.0517
2023-01-25,23.5771,35.0482
2023-01-26,23.4061,34.7929
2023-01-27,23.5346,34.9806
2023-01-30,23.5219,34.9698
2023-01-31,23.2908,34.63
2023-02-01,23.5125,34.9568
2023-02-02,23.4311,34.8426
2023-02-03,23.5441,35.0191
2023-02-06,23.4112,34.8235
2023-02-07,23.3976,34.8094
2023-02-08,23.2669,34.6034
2023-02-09,23.2498,34.5747
2023-02-10,23.1989,34.4903
2023-02-13,23.2458,34.561
2023-02-14,23.1702,34.4424
2023-02-15,23.1664,34.4454
2023-02-16,23.3567,34.744
2023-02-17,23.2577,34.5916
2023-02-20,23.2822,34.6302
2023-02-21,23.4245,34.8434
2023-02-22,23.2951,34.6501
2023-02-23,23.1916,34.4984
2023-02-24,22.9036,34.0691
2023-02-27,22.8026,33.9172
2023-02-28,22.7281,33.8033
2023-03-01,22.7644,33.8689
2023-03-02,22.7656,33.8716
2023-03-03,22.6756,33.735
2023-03-07,22.8163,33.9452
2023-03-08,22.7176,33.7974
2023-03-09,22.7311,33.8166
2023-03-10,22.5437,33.5387
2023-03-13,22.1984,33.0249
2023-03-14,21.5333,32.0334
2023-03-15,22.1683,32.9792
2023-03-16,22.0479,32.7988
2023-03-17,22.2263,33.0669
2023-03-20,22.0758,32.8408
2023-03-21,22.4391,33.3801
2023-03-22,22.606,33.6292
2023-03-23,22.7147,33.7888
2023-03-24,22.6936,33.7578
2023-03-27,22.6831,33.7418
2023-03-28,22.8653,34.0108
2023-03-29,22.9481,34.138
2023-03-30,22.8951,34.0716
2023-03-31,23.0008,34.2342
2023-04-03,22.7936,33.9048
2023-04-04,22.7131,33.7845
2023-04-05,22.3661,33.2583
2023-04-07,22.4794,33.4304
2023-04-10,22.7797,33.8817
2023-04-11,22.8299,33.955
2023-04-12,22.7522,33.8375
2023-04-17,22.8947,34.0513
2023-04-18,22.797,33.9061
2023-04-19,22.6334,33.6648
2023-04-20,22.3934,33.3073
2023-04-21,22.3014,33.164
2023-04-24,22.3198,33.1927
2023-04-25,22.1395,32.9225
2023-04-26,22.2077,33.0235
2023-04-27,22.0015,32.6987
2023-04-28,21.9503,32.6194
2023-05-02,22.0629,32.791
2023-05-03,22.1269,32.8858
2023-05-08,22.6161,33.6136
2023-05-09,22.6075,33.5993
2023-05-10,22.6646,33.6837
2023-05-11,22.6386,33.6435
2023-05-12,22.5707,33.5428
2023-05-15,22.2855,33.125
2023-05-16,21.6794,33.0706
2023-05-17,21.4092,32.6695
2023-05-18,21.4722,32.7728
2023-05-19,21.3205,32.5446
2023-05-22,21.5518,32.8992
2023-05-23,21.5519,32.8939
2023-05-24,21.5465,32.8851
2023-05-25,21.5328,32.872
2023-05-26,21.44,32.7285
2023-05-29,21.5987,32.9747
2023-05-30,21.4859,32.8036
2023-05-31,21.4319,32.7233
2023-06-01,21.2618,32.4631
2023-06-02,21.4364,32.7306
2023-06-06,21.4009,32.6808
2023-06-07,21.4804,32.8018
2023-06-08,21.9162,33.4683
2023-06-09,21.818,33.314
2023-06-12,21.7752,33.2495
2023-06-13,21.9462,33.5119
2023-06-14,21.9177,33.4687
2023-06-15,21.9491,33.5225
2023-06-16,21.9762,33.5642
2023-06-19,21.9931,33.593
2023-06-20,21.6535,33.0616
2023-06-21,21.4528,32.7556
2023-06-22,21.2832,32.5004
2023-06-23,21.2555,32.461
2023-06-26,21.045,32.1327
2023-06-27,20.9154,31.9364
2023-06-28,20.7727,31.7137
2023-06-29,20.9157,31.9324
2023-06-30,21.2961,32.5075
2023-07-03,21.3647,32.6155
2023-07-04,21.5,32.8201
2023-07-05,21.4552,32.7568
2023-07-06,21.185,32.3417
2023-07-07,21.177,32.3368
2023-07-10,21.2978,32.5263
2023-07-11,21.3321,32.5789
2023-07-12,21.3188,32.555
2023-07-13,21.339,32.5959
2023-07-14,21.7046,33.157
2023-07-17,21.814,33.3205
2023-07-18,21.9532,33.5401
2023-07-19,21.9367,33.5127
2023-07-20,21.7217,33.186
2023-07-21,21.8712,33.414
2023-07-24,21.8358,33.3699
2023-07-25,21.8814,33.4428
2023-07-26,21.871,33.4227
2023-07-27,22.1482,33.8449
2023-07-31,22.3399,34.1447
2023-08-02,22.2629,34.0319
2023-08-03,21.9101,33.4935
2023-08-04,21.9309,33.527
2023-08-07,22.01,33.6493
2023-08-08,21.7805,33.302
2023-08-09,21.9301,33.5177
2023-08-10,22.0032,33.6248
2023-08-11,22.007,33.6283
2023-08-15,21.7731,33.2671
2023-08-16,21.7525,33.235
2023-08-17,21.8756,33.4243
2023-08-18,21.7272,33.1871
2023-08-21,21.8489,33.3753
2023-08-22,22.1357,33.8169
2023-08-23,22.1547,33.837
2023-08-24,22.2812,34.0445
2023-08-25,22.2854,34.0484
2023-08-28,22.2939,34.0614
2023-08-29,22.3539,34.1559
2023-08-30,22.4268,34.2689
2023-08-31,22.2112,33.9382
2023-09-01,22.2077,33.9349
2023-09-04,22.0089,33.6331
2023-09-05,21.9762,33.5837
2023-09-06,22.0311,33.6666
2023-09-07,22.0381,33.6753
2023-09-08,21.9707,33.571
2023-09-11,21.8766,33.4246
2023-09-12,21.9732,33.5819
2023-09-13,21.8905,33.4513
2023-09-14,22.0316,33.6705
2023-09-15,22.0003,33.6232
2023-09-18,21.7962,33.3091
2023-09-19,21.7108,33.1803
2023-09-20,21.4949,32.849
2023-09-21,21.5754,32.9673
2023-09-22,21.7128,33.1844
2023-09-25,21.4775,32.8228
2023-09-26,21.3356,32.6068
2023-09-27,21.3923,32.6895
2023-09-28,21.1625,32.3408
2023-09-29,20.9419,31.9658
2023-10-02,20.9798,32.0273
2023-10-03,20.6269,31.482
2023-10-04,20.6803,31.5639
2023-10-05,20.7173,31.6202
2023-10-06,20.4667,31.2315
2023-10-09,20.4159,31.1548
2023-10-10,20.4922,31.2792
2023-10-11,20.8497,31.8287
2023-10-12,20.7745,31.7115
2023-10-16,20.456,31.2275
2023-10-17,20.558,31.3804
2023-10-18,20.7266,31.6394
2023-10-19,20.4864,31.273
2023-10-20,20.1618,30.7757
2023-10-24,20.0234,30.563
2023-10-25,20.1865,30.8127
2023-10-26,19.7748,30.1706
2023-10-27,20.0562,30.6082
2023-10-30,20.2014,30.8371
2023-10-31,19.9876,30.5086
2023-11-01,19.9533,30.4558
2023-11-02,20.2809,30.9565
2023-11-03,20.5015,31.294
2023-11-06,20.4441,31.2076
2023-11-07,20.3327,31.037
2023-11-08,20.3531,31.0664
2023-11-09,20.3016,30.9896
2023-11-10,20.0816,30.6435
2023-11-13,20.1,30.6741
2023-11-14,20.0833,30.6496
2023-11-15,20.4958,31.2919
2023-11-16,20.4993,31.2961
2023-11-17,20.4509,31.216
2023-11-20,20.5069,31.3026
2023-11-21,20.5551,31.381
2023-11-22,20.3969,31.1393
2023-11-23,20.2318,30.8923
2023-11-24,20.1207,30.7214
2023-11-27,20.0697,30.6462
2023-11-28,20.1983,30.8447
2023-11-29,20.0033,30.5482
2023-11-30,19.888,30.3721
2023-12-01,19.8877,30.3711
2023-12-04,19.9519,30.4671
2023-12-06,19.9909,30.5279
2023-12-07,19.8201,30.264
2023-12-08,19.8879,30.3722
2023-12-12,19.8351,30.2939
2023-12-13,19.6194,29.9622
2023-12-14,19.9322,30.4438
2023-12-15,20.1398,30.7559
2023-12-18,20.1708,30.807
2023-12-19,20.2089,30.8713
2023-12-20,20.2615,30.9515
2023-12-21,20.2975,31.0065
2023-12-22,20.3119,31.029
2023-12-25,20.3794,31.1332
2023-12-26,20.4453,31.232
2023-12-27,20.366,31.1088
2023-12-28,20.4005,31.1594
2024-01-02,20.6135,31.4955
2024-01-03,20.5158,31.3452
2024-01-04,20.5369,31.3745
2024-01-05,20.3831,31.1392
2024-01-08,20.2431,30.9254
2024-01-09,20.2211,30.8932
2024-01-10,20.199,30.8592
2024-01-11,20.1268,30.7482
2024-01-12,20.1668,30.8091
2024-01-15,20.0509,30.6311
2024-01-16,19.9678,30.5043
2024-01-17,19.6556,30.0263
2024-01-18,19.5901,29.928
2024-01-19,19.6957,30.0894
2024-01-22,19.4928,29.7801
2024-01-23,19.3487,29.5613
2024-01-24,19.7116,30.1143
2024-01-25,19.6224,29.9769
2024-01-26,19.4954,29.7843
2024-01-29,19.6007,29.9399
2024-01-30,19.5353,29.84
2024-01-31,19.4323,29.6813
2024-02-01,19.4811,29.7563
2024-02-02,19.7399,30.1506
2024-02-05,19.7214,30.1213
2024-02-06,19.9258,30.4334
2024-02-07,19.9733,30.5057
2024-02-08,19.7917,30.2289
2024-02-09,19.7674,30.1918
2024-02-12,19.7877,30.2232
2024-02-13,19.8188,30.2731
2024-02-14,19.671,30.0449
2024-02-15,19.6864,30.0682
2024-02-16,19.705,30.0957
2024-02-19,19.7687,30.1933
2024-02-20,19.6991,30.083
2024-02-21,19.9136,30.4113
2024-02-22,20.0411,30.6059
2024-02-23,20.0004,30.5424
2024-02-27,19.8904,30.3712
2024-02-28,19.7192,30.1098
2024-02-29,19.6475,30.0022
2024-03-01,19.5977,29.9219
2024-03-04,19.5415,29.8399
2024-03-05,19.4914,29.7621
2024-03-06,19.6828,30.0547
2024-03-07,19.7222,30.1132
2024-03-08,19.9471,30.4566
2024-03-11,19.823,30.269
2024-03-12,19.8392,30.2966
2024-03-13,19.9244,30.4271
2024-03-14,20.1158,30.7166
2024-03-15,19.9514,30.4646
2024-03-18,19.9863,30.5195
2024-03-19,19.9218,30.4221
2024-03-20,19.8078,30.2464
2024-03-21,20.0326,30.5923
2024-03-22,19.9619,30.485
2024-03-25,19.821,30.269
2024-03-26,19.8756,30.354
2024-03-27,19.9124,30.4083
2024-03-28,19.7425,30.1472
2024-03-29,19.8828,30.3626
2024-04-01,19.9001,30.3894
2024-04-02,19.9151,30.4131
2024-04-03,19.8825,30.3626
2024-04-04,19.8841,30.3642
2024-04-05,19.9331,30.4389
2024-04-09,20.3645,31.0979
2024-04-10,20.4426,31.219
2024-04-11,20.2358,30.9035
2024-04-17,19.8554,30.3226
2024-04-18,19.7496,30.158
2024-04-19,19.329,29.5179
2024-04-22,19.6106,29.9449
2024-04-23,19.7314,30.1293
2024-04-24,19.7978,30.231
2024-04-25,19.8401,30.2946
2024-04-26,19.7731,30.1927
2024-04-29,19.7815,30.2058
2024-04-30,19.8724,30.3438
2024-05-02,19.8138,30.2529
2024-05-03,19.9467,30.4578
2024-05-07,20.0864,30.6699
2024-05-08,20.039,30.5989
2024-05-09,19.9991,30.536
2024-05-10,20.0563,30.623
2024-05-13,20.0719,30.6449
2024-05-14,20.1502,30.7636
2024-05-15,19.482,30.6482
2024-05-16,19.6111,30.8496
2024-05-17,19.6967,30.9836
2024-05-20,19.6252,30.8728
2024-05-21,19.4864,30.6524
2024-05-23,19.457,30.6066
2024-05-24,19.3812,30.4866
2024-05-27,19.4365,30.576
2024-05-28,19.3634,30.4617
2024-05-29,19.1356,30.1032
2024-05-30,19.1538,30.1313
2024-05-31,19.0524,29.9716
2024-06-04,18.9689,29.8379
2024-06-05,18.9812,29.8564
2024-06-06,18.8504,29.6503
2024-06-07,18.9118,29.7475
2024-06-10,18.7232,29.4494
2024-06-11,18.6834,29.3871
2024-06-12,18.7473,29.4884
2024-06-13,18.6973,29.4095
2024-06-14,18.6559,29.3441
2024-06-17,18.5092,29.1123
2024-06-18,18.5079,29.1104
2024-06-19,18.7081,29.4255
2024-06-20,18.617,29.2832
2024-06-21,18.6525,29.3393
2024-06-24,18.8073,29.5821
2024-06-25,18.831,29.619
2024-06-26,18.8545,29.6557
2024-11-15,21.6312,33.9958
2024-11-18,21.7997,34.2615
2024-11-19,21.9323,34.471
2024-11-20,22.0061,34.5881
2024-11-21,21.5727,33.9053
2024-11-22,21.6771,34.0689
2024-11-25,21.635,34.0003
2024-11-26,21.5615,33.8856
2024-11-27,21.4391,33.691
2024-11-28,21.3901,33.6105
2024-11-29,21.324,33.5089
2024-12-02,21.5119,33.8037
2024-12-03,21.8229,34.2878
2024-12-04,21.7437,34.1639
2024-12-06,21.7728,34.208
2024-12-09,21.7282,34.1383
2024-12-11,21.6582,34.0282
2024-12-12,21.6145,33.9607
2024-12-13,21.4577,33.7126
2024-12-16,21.3772,33.5852
2024-12-17,20.9821,32.9667
2024-12-18,21.0441,33.0648
2024-12-19,20.7028,32.5297
2024-12-20,20.5347,32.2646
2024-12-23,20.9094,32.8554
2024-12-24,21.0136,33.0184
2024-12-25,21.0725,33.1102
2024-12-26,21.0571,33.0871
2024-12-27,21.1144,33.1755
2024-12-30,21.0502,33.0717
2025-01-02,20.7164,32.5421
2025-01-03,20.8158,32.6987
2025-01-06,20.6449,32.4283
2025-01-07,20.9703,32.9441
2025-01-08,20.9544,32.922
2025-01-09,20.6206,32.3963
2025-01-10,20.7271,32.5598
2025-01-13,20.494,32.1937
2025-01-14,20.3098,31.9042
2025-01-15,20.5346,32.257
2025-01-16,20.5212,32.2316
2025-01-17,20.3426,31.9532
2025-01-20,20.3473,31.9606
2025-01-21,20.5285,32.2453
2025-01-22,20.6879,32.4907
2025-01-23,20.3836,32.0145
2025-01-24,20.5385,32.2572
2025-01-27,20.2962,31.8777
2025-01-28,20.3569,31.9732
2025-01-29,20.3334,31.9367
2025-01-30,20.2126,31.7483
2025-01-31,19.8916,31.2417
2025-02-03,19.7327,30.9923
2025-02-04,19.7093,30.9558
2025-02-05,19.4699,30.5786
2025-02-06,19.101,29.9975
2025-02-07,19.472,30.5822
2025-02-10,19.2791,30.2791
2025-02-11,19.4449,30.5429
2025-02-13,19.496,30.6209
2025-02-14,19.2524,30.2438
2025-02-17,18.8348,29.5912
2025-02-18,18.7747,29.4966
2025-02-19,18.8366,29.5963
2025-02-20,18.5509,29.1569
2025-02-21,18.5525,29.1559
2025-02-24,18.3788,28.8752
2025-02-25,17.9729,28.2393
2025-02-26,18.3589,28.8356
2025-02-27,18.1495,28.5119
2025-02-28,17.9511,28.197
2025-03-03,17.6935,27.7939
2025-03-04,17.4765,27.4608
2025-03-05,17.9566,28.2126
2025-03-06,17.724,27.8462
2025-03-07,17.9364,28.1849
2025-03-10,17.5209,27.5293
2025-03-11,17.6807,27.7801
2025-03-12,17.2537,27.1109
2025-03-13,17.2533,27.1079
2025-03-14,17.4873,27.4753
2025-03-17,17.4313,27.3932
2025-03-18,17.5523,27.5816
2025-03-19,17.7616,27.9139
2025-03-20,17.6226,27.6943
2025-03-21,17.7767,27.9384
2025-03-24,17.8612,28.0705
2025-03-25,17.791,27.9566
2025-03-26,17.8862,28.1065
2025-03-27,17.8801,28.0954
2025-03-31,17.4315,27.3896
2025-04-01,17.6157,27.6758
2025-04-02,17.7023,27.8149
2025-04-03,17.5104,27.5009
2025-04-04,16.8861,26.5178
2025-04-08,16.1493,25.3367
2025-04-09,16.437,25.7946
2025-04-10,17.2218,27.041
2025-04-11,17.159,26.9339
2025-04-16,17.3185,27.2036
2025-04-17,17.3323,27.2244
2025-04-18,17.4809,27.4557
2025-04-21,17.2097,27.0282
2025-04-22,17.3565,27.2618
2025-04-23,17.5723,27.5911
2025-04-24,17.4309,27.3702
2025-04-25,17.6598,27.7268
2025-04-28,17.6993,27.7933
2025-04-29,17.9565,28.1993
2025-04-30,18.4731,28.9947
2025-05-02,18.4979,29.027
2025-05-06,18.3528,28.7914
2025-05-07,18.9415,29.7177
2025-05-08,18.7162,29.3692
2025-05-09,18.8523,29.5846
2025-05-13,18.8655,29.5979
2025-05-14,18.9576,29.7389
2025-05-15,18.6017,29.1731
2025-05-16,17.9362,29.2079
2025-05-19,,28.9554
2025-05-20,17.8265,29.0503
2025-05-21,17.7068,28.8526
2025-05-22,17.6409,28.7482
2025-05-23,17.6829,28.8122
2025-05-26,17.7287,28.8755
2025-05-27,17.4589,28.4377
2025-05-28,17.3969,28.3325
2025-05-29,17.445,28.414
2025-05-30,17.1682,27.9644
2025-06-04,16.8994,27.5259
2025-06-05,17.0593,27.7843
2025-06-06,16.9731,27.6394
2025-06-09,16.939,27.5816
2025-06-10,17.0146,27.7049
2025-06-11,17.0788,27.8038
2025-06-12,16.8689,27.4631
2025-06-13,16.8031,27.3497
2025-06-16,16.6989,27.1883
2025-06-17,16.6612,27.1247
2025-06-18,16.3445,26.5935
2025-06-19,15.9429,25.9341
2025-06-20,15.9511,25.9466
2025-06-23,15.9353,25.9257
2025-06-24,16.5686,26.9647
2025-06-25,16.6861,27.1534
2025-06-26,16.617,27.0482
2025-06-27,16.1902,26.3488
2025-06-30,16.2999,26.5123
2025-07-01,16.6481,27.0779
2025-07-02,16.7089,27.1767
2025-07-03,16.8437,27.3952
2025-07-04,16.7061,27.1704
2025-07-07,16.7754,27.2837
2025-07-08,16.6565,27.0913
2025-07-09,16.585,26.9738
2025-07-11,16.748,27.2376
2025-07-14,17.1125,27.83
2025-07-15,17.3712,28.2489
2025-07-16,17.3254,28.1742
2025-07-17,18.0074,29.2855
2025-07-18,18.1575,29.5315
2025-07-21,18.1697,29.5512
2025-07-22,17.9234,29.1525
2025-07-23,18.3647,29.8683
2025-07-24,18.2615,29.7005
2025-07-25,18.3531,29.8517
2025-07-29,18.6322,30.2976
2025-07-30,18.7524,30.4932
2025-07-31,18.7384,30.4708
2025-08-01,18.3179,29.7881
2025-08-04,18.5455,30.1602
2025-08-05,18.7561,30.5008
2025-08-06,18.9379,30.7969
2025-08-07,18.9727,30.8524
2025-08-08,18.8411,30.6379
2025-08-13,19.1188,31.0933
2025-08-14,18.9009,30.7385
2025-08-15,18.8286,30.6216
2025-08-18,18.6229,30.2857
2025-08-19,18.5511,30.1683
2025-08-20,18.7967,30.5637
2025-08-21,18.8103,30.5853
2025-08-22,18.9132,30.755
2025-08-25,19.0575,30.9885
2025-08-26,18.8959,30.7247
2025-08-27,18.864,30.6747
2025-08-28,18.8754,30.691
2025-08-29,18.6744,30.3653
2025-09-01,18.8134,30.5887
2025-09-02,18.8938,30.7163
2025-09-03,19.0438,30.9603
2025-09-04,18.8714,30.679
2025-09-05,19.0331,30.9416
2025-09-08,18.9852,30.8615
2025-09-09,19.1367,31.1067
2025-09-10,19.1559,31.1393
2025-09-11,19.331,31.4274
2025-09-12,19.4023,31.544
2025-09-15,19.4756,31.6646
2025-09-16,19.5785,31.8311
2025-09-17,19.5637,31.8084
2025-09-18,19.4429,31.6145
2025-09-19,19.3534,31.4679
2025-09-22,19.2253,31.2612
2025-09-23,19.1075,31.0767
2025-09-24,19.1399,31.1254
2025-09-25,19.3067,31.3952
2025-09-26,19.1379,31.1175
2025-09-29,19.337,31.4421
2025-09-30,19.1296,31.1122
2025-10-01,19.1481,31.142
2025-10-02,19.3288,31.4342
2025-10-03,19.4212,31.5851
2025-10-06,19.2843,31.3625
2025-10-07,19.5595,31.8062
2025-10-08,19.5543,31.7969
2025-10-09,19.7484,32.1095
2025-10-10,19.3915,31.5329
2025-10-14,19.081,31.0302
2025-10-15,19.3925,31.5358
2025-10-16,19.4433,31.6154
2025-10-17,19.2131,31.2432
2025-10-20,19.4116,31.564
2025-10-21,19.4943,31.6977
2025-10-22,19.7094,32.0457
2025-10-24,19.939,32.4169
2025-10-27,20.0144,32.536
2025-10-28,19.847,32.2651
2025-10-29,19.8731,32.3074
2025-10-30,19.8779,32.3167
2025-10-31,19.7865,32.1676
2025-11-03,19.7687,32.1386
2025-11-04,19.6077,31.8788
2025-11-05,19.5757,31.8274
2025-11-06,19.822,32.2265
2025-11-07,19.682,31.9965
2025-11-10,19.7502,32.1063
2025-11-11,19.6822,31.9932
2025-11-12,19.4617,31.6364
2025-11-13,19.5212,31.7321
2025-11-14,19.2533,31.2981
2025-11-17,19.4645,31.6396
2025-11-18,19.3103,31.3887
2025-11-19,19.2766,31.3351
2025-11-20,19.4422,31.5989
2025-11-21,19.0396,30.9481
2025-11-24,19.0363,30.9405
2025-11-25,19.2849,31.3389
2025-11-26,19.1941,31.1919
2025-11-27,19.0723,30.9961
2025-11-28,19.1255,31.0825
2025-12-01,19.452,31.6085
2025-12-02,19.474,31.6415
2025-12-03,19.4381,31.5791
2025-12-04,19.4784,31.6338
2025-12-08,19.3447,31.4153
2025-12-09,19.4744,31.6238
2025-12-11,19.2816,31.3122
2025-12-12,19.2684,31.2958
2025-12-15,19.5771,31.789
2025-12-16,19.3839,31.4743
2025-12-17,19.3254,31.3801
2025-12-18,19.2856,31.3115
2025-12-19,19.282,31.3095
2025-12-22,19.5305,31.7144
2025-12-23,19.5971,31.8204
2025-12-24,19.6609,31.924
2025-12-25,19.5227,31.6992
2025-12-26,19.4444,31.573
2025-12-29,19.3471,31.4164
2025-12-30,19.4442,31.5798
2026-01-05,19.7296,32.0418
2026-01-06,19.6247,31.8691
2026-01-07,19.678,31.9539
2026-01-08,19.3833,31.4792
2026-01-09,19.3876,31.4882
2026-01-12,19.2627,31.2877
2026-01-13,19.2012,31.1872
2026-01-14,19.3971,31.505
2026-01-15,19.6384,31.8969
2026-01-16,19.9053,32.3289
2026-01-19,19.9958,32.4752
2026-01-20,20.2183,32.835
2026-01-21,20.4906,33.2792
2026-01-22,20.3389,33.0369
2026-01-23,20.3793,33.1025
2026-01-26,20.2901,32.9571
2026-01-27,20.6593,33.5568
2026-01-28,20.7676,33.7319
2026-01-29,20.6278,33.5056
2026-01-30,20.5141,33.3208
2026-02-02,20.5094,33.3114
2026-02-03,20.7288,33.6664
2026-02-04,20.9889,34.0885
2026-02-05,21.0113,34.1236
2026-02-06,21.1321,34.3194
2026-02-09,21.9016,35.5621
2026-02-10,22.0831,35.8524
2026-02-11,22.0694,35.8344
2026-02-12,22.5767,36.6546
2026-02-13,22.4062,36.3799
2026-02-16,22.5054,36.5368
2026-02-17,22.8363,37.0724
2026-02-18,22.9142,37.1993
2026-02-19,23.3104,37.8437
2026-02-20,23.1155,37.53
2026-02-23,23.0967,37.5013
2026-02-24,23.2679,37.7858
2026-02-25,23.643,38.3963
2026-02-26,23.8741,38.7735
2026-02-27,23.8697,38.7676
2026-03-02,23.0162,37.3853
2026-03-04,21.7828,35.3944
2026-03-05,22.2699,36.1863
2026-03-06,22.1337,35.9649
2026-03-09,21.7081,35.2709
2026-03-10,22.0659,35.8533
2026-03-11,22.0714,35.8639
2026-03-12,22.4689,36.5074
2026-03-13,22.1573,36.0022
2026-03-16,22.0805,35.8776
2026-03-17,22.5651,36.663
2026-03-18,22.6141,36.742
2026-03-19,22.3136,36.2585
2026-03-20,22.5541,36.6442
2026-03-23,22.0081,35.7582
2026-03-24,22.235,36.1267
2026-03-25,22.8924,37.1977
2026-03-26,22.7351,36.9442
2026-03-27,22.7975,37.0444
2026-03-30,22.8874,37.1879
2026-03-31,22.9249,37.2502
2026-04-01,23.1856,37.6725
2026-04-02,23.1011,37.5372
2026-04-03,22.9129,37.2311
2026-04-07,23.0651,37.4807
2026-04-08,23.3403,37.9257
2026-04-09,23.3272,37.9034
2026-04-10,23.4981,38.177
2026-04-16,23.3347,37.9134
2026-04-17,23.1447,37.6054
2026-04-20,23.124,37.572
2026-04-21,23.1996,37.6939
2026-04-22,23.1946,37.6872
2026-04-23,22.9504,37.2946
2026-04-24,22.8655,37.1573
2026-04-27,23.1173,37.5621
2026-04-28,23.1318,37.5857
2026-04-29,23.3109,37.8717
2026-04-30,23.3113,37.8729
2026-05-05,23.317,37.8841
2026-05-06,23.6924,38.4835
2026-05-07,23.6358,38.3924
2026-05-08,23.5459,38.2502
2026-05-11,23.4094,38.0303
2026-05-12,23.3972,38.0117
2026-05-13,23.7385,38.5593
2026-05-14,24.168,39.2546
2026-05-15,22.7794,38.7965
2026-05-18,22.8296,38.8818
2026-05-19,22.8347,38.8944
2026-05-20,22.9483,39.0788
2026-05-21,22.9456,39.0703
2026-05-22,22.9832,39.1283
2026-05-25,23.1477,39.4075
2026-05-26,23.1226,39.3591
2026-05-27,23.2546,39.5707
2026-05-28,23.1797,39.4432
2026-05-29,23.1845,39.4509
2026-06-02,23.5261,40.0445
2026-06-04,23.627,40.2167
2026-06-05,23.5375,40.0773
2026-06-08,23.2424,39.5777
2026-06-09,23.374,39.7747
2026-06-10,23.1492,39.4001
2026-06-11,23.2404,39.5505
2026-06-12,23.5518,40.0791
2026-06-15,23.5248,40.0339
2026-06-16,23.5645,40.1126
2026-06-17,23.5756,40.1362
2026-06-18,23.562,40.1142
2026-06-19,23.4489,39.9331
2026-06-22,23.4589,39.9509
2026-06-23,23.0481,39.2648
2026-06-24,23.1809,39.4966
2026-06-25,23.2366,39.5794
2026-06-26,23.1539,39.462
2026-06-29,23.6232,40.2449
2026-06-30,23.7949,40.6232
2026-07-01,23.7066,40.4709
2026-07-02,23.9751,40.9262
2026-07-03,24.2699,41.431
2026-07-06,24.2915,41.4689
2026-07-07,24.1528,41.2336
2026-07-08,23.8137,40.6569
2026-07-09,24.2084,41.3267
2026-07-10,24.3677,41.5996
2026-07-13,24.4677,41.7693
2026-07-14,24.4634,41.7624
2026-07-15,24.541,41.8957
2026-07-16,24.7091,42.1838
2026-07-17,24.86,42.4369
2026-07-20,25.0561,42.7707
2026-07-21,25.1251,42.8885
2026-07-22,24.8766,42.4663
2026-07-23,24.84,42.4045
2026-07-24,24.9507,42.5934
2026-07-27,24.8106,42.3541
2026-07-30,24.5836,41.9642
2026-07-31,24.865,42.44
